Sample,midx,midy,midz,Chalcocite-Digenite,Covellite,Chalcopyrite,Bornite,Pyrite,Quartz,K-Feldspar,Albite,Muscovite/Sericite,Clays,Biotite,Chlorite,Calcite,Gypsum/Anhydrite,SG,minzone,alteration,Ai
S-554,1735.71,3822.52,3967.43,0.1,0.03,0.84,0.01,0.71,29.28,5.85,15.8,10.75,0.25,6.48,1.7,0.01,0.01,2.63,SSF,POT,0.19
S-1094,1835.95,4311.49,4312.87,0.361534238,0.03,1.3,0.057969923,0.01,26.32,9.83,40.25,5.25,0.58,7.24,2.04,0.02,0.07,2.53,SSF,POT,0.27
S-501,2982.08,3721.6,4051.83,0.19,0.02,0.96,0.99,0.02,29.04,22.61,22.62,3.43,1.17,4.74,0.71,0.13,3.36,2.7,PRI,POT,0.51
S-1257,2651.93,3462.46,3804.51,0.03,0,0.7,0.64,0.02,24.27,20.81,18.15,2.63,0.45,6.5,0.71,0.06,3.08,2.67,PRI,POT,0.38
S-1138,3475.05,4188.13,4330.87,0.097170528,0.01,2.4,0.052819601,4.1,23.45,9.51,25.03,7.16,0.62,6.8,1.97,0.08,2.85,2.69,PRI,POT,0.46
S-1020,1549.56,3789.98,3954.82,0.096416257,0.03,0.88,0.042522236,0.5,26.88,8.36,11.93,8.99,0.9,7.02,2.14,0.01,0.05,2.62,SSF,POT,0.31
S-1088,2430.33,3987.03,4010.54,0.022372507,0,0.75,0.790169179,0.05,16.57,12.31,38.59,2.18,0.48,11.82,1.12,0.05,4.8,2.68,PRI,POT,0.41
S-431,1684.94,3900.23,4062.43,0.64,0.1,0.49,0.03,0.33,28.04,4.55,19.54,12.99,1.05,6.65,1.7,0.01,0.04,2.62,SSF,POT,0.17
S-1248,3893.53,3812.33,4274.41,0.37,0.04,1.47,0.15,0.95,30.07,7.37,31.51,15.09,0.22,4.62,1.1,0,0.06,2.54,SSF,POT,0.2
S-722,1832.46,3877.1,3973.29,0.12,0.02,0.6,0.06,0.67,26.57,5.08,13.24,8.48,0.77,6.81,1.56,0.01,0.01,2.61,SSF,POT,0.19
S-427,2945.79,3839.34,4103.85,0.03,0,0.85,0.57,0.01,28.24,18.9,21.89,1.8,0.62,5.96,0.78,0.09,3.72,2.67,PRI,POT,0.34
S-456,3029.5,3818.06,4104.39,0.02,0,1.24,0.34,0.01,25.81,17.97,23.58,1.83,0.55,4.53,0.47,0.05,3.02,2.68,PRI,POT,0.43
S-1216,4149.77,3951.44,4461.09,0.71,0.05,0.71,0.12,2.21,28.35,6.38,32.49,18.08,0.54,4.36,1.84,0.07,0.05,2.56,SSF,POT,0.1
S-306,3270.46,3279.98,4159.18,0,0,2.87,0,1.1,25.1,2.66,12.75,21.81,0.52,10.64,2.97,0.01,0.04,2.66,SSF,CLO-SER,0.11
S-258,3446.85,3489.4,4295.85,0.11,0.08,1.68,0.2,1.08,25.72,8.71,35.28,16.38,0.48,1.5,2.64,0.02,0.03,2.49,SSF,POT,0.2
S-733,1558.53,3650.02,4040.56,0.16,0.03,0.42,0.09,0.1,25.66,6.4,12.6,9.58,2.41,7.52,1.26,0.01,0.05,,SSF,POT,0.26
S-546,2656.8,3843.04,4024.42,0.14,0.01,0.83,0.29,0.18,24.19,15.84,32.35,2.57,0.23,4.27,0.98,0.01,0.01,2.55,SSF,POT,0.29
S-574,2883.43,3734.81,3986.49,0.02,0,1.2,0.65,0.45,27.58,19.95,26.68,4.25,0.53,3.05,0.88,0.07,3.19,2.67,PRI,POT,0.66
S-278,3336.71,3377.25,4241.98,0.1,0.05,1.61,0.12,1.21,32.99,5.18,22.04,14.76,0.8,1.5,2.1,0.04,0.03,2.6,SSF,POT,0.24
S-715,3035.72,3152.07,3971.3,0.01,0,2.32,0.01,0.03,27.85,10.25,12.82,7.99,0.24,5.83,1.37,0.17,2.48,2.69,PRI,POT,0.29
S-404,2935.16,3646.01,4042.37,0.02,0.01,1.15,0.79,0.08,21.32,18.59,29.37,3.76,0.81,5.43,1.05,0.08,3.62,2.69,PRI,POT,0.33
S-32,2036.55,4015.82,4184.89,0.79,0.06,0.43,0.06,1.35,28.61,9.57,19.03,5.23,1.51,7.03,1.65,0,0.01,2.61,SSF,POT,0.29
S-754,2962.95,3375.54,3747.9,0.07,0.01,0.53,1.04,0.03,27.91,16.55,10.1,3.18,0.85,10.39,1.01,0.2,2.54,,PRI,POT,0.4
S-1258,2652.39,3453.17,3776.23,0.01,0,0.73,0.53,0.04,25.49,20.47,18.49,2.89,0.45,5.19,0.52,0.06,2.88,2.67,PRI,POT,0.36
S-1285,3595.54,3581.52,4222.99,0.01,0,1.62,0.09,0.24,26.06,9.11,20.5,9.48,0.54,5.57,1.33,0.17,4.3,2.7,PRI,POT,0.34
S-219,3003,4055.35,4364.15,0.03,0.03,2.86,0.62,0.03,38.75,19.67,15.04,4.56,1.32,1.71,1.96,0.08,5.39,2.67,SSD,POT,0.38
S-310,2588.32,4024.17,4212.44,0.65,0.04,1.48,0.09,0.97,30.2,10.73,21.38,9.35,0.82,5.4,1.76,0,0.02,2.64,SSF,POT,0.23
S-142,3257.66,3976.76,4302.79,0.21,0.03,0.38,0.23,0.01,25.15,17.43,32.35,0.89,0.38,8.09,0.63,0,0.02,2.54,SSF,POT,0.34
S-369,3227.61,3399.93,4121.41,0.12,0.06,3.28,0.28,0.02,30.34,11.5,20.35,17.84,0.62,2.86,1.42,0.01,0.04,2.57,SSF,POT,0.23
S-344,2455.95,3852.55,4029.7,0.62,0.09,0.82,0.55,0.18,17.28,29.6,28.2,5.78,0.54,7.44,1.09,0.09,0.02,2.54,SSF,POT,0.27
S-694,2313.66,3836.88,3980.86,0.02,0,1.05,0.66,0.03,22.33,18.32,28.74,3.9,0.61,6.13,0.46,0.04,9.07,2.67,SSD,POT,0.34
S-480,3239.95,3322.3,4040.65,0.01,0,2.39,0.11,0.14,41.09,15.91,26.25,9.9,0.66,0.25,0.32,0.07,1.29,2.64,PRI,CLO-SER,0.38
S-1269,3933.81,3969.08,4271.74,0.33,0.03,0.77,0.09,1.29,36.08,6.04,20.6,19.65,0.6,1.9,2.16,0,0.06,2.57,SSF,POT,0.23
S-509,3295.45,3438.43,3998.99,0,0,1.91,0.02,0.11,25.25,12.12,21.39,10.6,0.68,4.17,1.52,0.03,5.82,2.76,PRI,POT,0.31
S-291,3344.59,3385.05,4215.68,0.02,0,1.25,0.03,0.51,25.87,7.78,21.26,11.73,0.28,4.6,1.32,0.05,0.04,2.59,SSF,POT,0.28
S-468,2110.25,3987.07,4063.56,0.59,0.11,1.5,0.05,0.99,33.02,10.3,20.53,12.61,1.09,5.16,2.26,0,0.03,2.62,SSF,POT,0.16
S-98,1660.63,3668.89,4056.65,0.72,0.03,0.26,0.17,2.45,33.88,2.75,13.24,8.72,0.56,8.68,2.35,0.01,0.06,2.62,SSF,POT,0.21
S-743,3046.3,3924.69,4191.54,0.14,0.01,0.71,0.12,0.08,23.51,13.54,28.04,3.21,3.28,5.42,0.86,0.01,0.07,,SSD,POT,0.27
S-1081,3933.8,3975.53,4246.81,0.001330134,0,0.85,0.002031311,0.67,29.22,9.53,14.69,9,0.47,5.01,2.16,0.14,2.82,2.7,SSD,POT,0.49
S-969,3029.78,3791.8,3999.37,0.023103699,0,0.9,0.862760872,0.15,30.28,19.24,12.79,3.77,0.87,6.89,1.29,0.04,3.01,2.69,PRI,POT,0.52
S-1198,4181.82,3329.65,4678.21,0.357835473,0.1,0.54,0.009939643,1.99,24.97,1.53,12.85,10.76,1.38,9.14,6.73,0.01,0.15,2.63,SSF,AR,0.16
S-103,3639.77,3964.59,4335.38,0.02,0,0.98,0.24,0.15,23.94,11.76,26.06,3.5,0.59,10.52,2.05,0.06,4.69,2.8,SSD,POT,0.34
S-471,2041.04,4390.29,4445.11,0.34,0.04,0.66,0.05,1.52,27.99,6.24,18.58,8.38,0.69,5.28,1.09,0.01,0.03,2.62,SSF,POT,0.21
S-1223,3848.78,3973.67,4424.38,0.95,0.02,1.39,0.19,1.42,22.52,2.09,24.73,21.84,0.63,4.48,4.98,0,0.02,2.51,SSF,POT,0.05
S-72,3641.65,3494.78,4419.58,0.23,0.03,1.47,0.07,3.32,47.27,5.57,20.71,8.24,0.99,2.71,0.88,0,0.03,2.52,SSF,POT,0.28
S-700,2594.01,3486.6,3935.72,0.01,0,0.68,0.43,0.25,26.42,19.07,22.59,3.35,0.25,5.95,0.7,0.05,3.06,2.67,PRI,POT,0.39
S-488,2485.3,3770.04,4065.91,0.15,0.01,0.72,0.08,0.47,47.58,15.48,19.23,5.59,0.47,7.99,0.44,0,0.01,2.59,SSF,POT,0.26
S-61,2633.43,4093.26,4229.29,0.27,0.04,0.44,0.04,1.9,25.21,10.77,26.64,4.55,0.98,5,3.89,0.02,0.03,2.57,SSD,POT,0.24
S-1036,3815.85,3862.35,4391.59,0.647954527,0.11,1.26,0.055388313,1.04,30.93,3.99,31.65,17.29,0.66,4.68,2.23,0,0.03,2.56,SSF,CLO-SER,0.17
S-78,3383.88,4109.87,4420.01,0.33,0.04,0.57,0.07,0.38,23.04,13.73,26.81,2.06,1.01,6.26,1.63,0,0.02,2.58,SSF,POT,0.33
S-289,4085.35,3498.91,4676.32,0.25,0.06,0.41,0,5.1,34.29,1.09,15.61,18.88,0.49,1.53,6.15,0.03,0.09,2.64,SSF,AR,0.12
S-312,2738.37,3357.72,3808.22,0,0,0.3,0.39,0.05,27.42,34.37,23.25,2.29,0.16,4.16,0.27,0.06,0.87,2.61,PRI,POT,0.49
S-465,1550.08,3814.26,4050.54,0.8,0.07,0.58,0.05,2.21,29.82,3.57,11.92,12.85,0.66,7.13,2.16,0,0.04,2.64,SSF,POT,0.18
S-571,2280.12,3847.46,3962.41,0.03,0,0.75,0.77,0.02,29.45,19.45,19.44,2.1,0.74,5.8,0.89,0.08,3.21,2.64,PRI,POT,0.39
S-50,2334.03,4013.61,4174.53,0.44,0.04,0.47,0.09,1.57,24.18,9.17,18.43,4.18,1.24,11.41,2.7,0,0.01,2.64,SSF,POT,0.18
S-1288,3462.47,3621.33,4195.34,0.01,0,1.74,0.48,0.05,28.03,14.8,19.15,9.23,0.7,3.48,1.34,0.11,5.11,2.68,PRI,POT,0.37
S-516,1735.68,3817.22,3996.96,0.14,0.04,0.84,0.04,1.01,30.41,5.7,19.38,13.02,0.67,6.86,2.09,0.1,0.1,2.62,SSF,POT,0.16
S-1090,2429.95,3973.71,3938.26,0.008592283,0,1.38,0.615382753,0.61,24.43,27.42,24.45,4.03,0.5,3.73,0.56,0.14,8.39,2.66,PRI,POT,0.5
S-1068,3933.65,3923.32,4442.46,0.227375978,0.02,0.98,0.069555379,1.06,32.16,7.42,19.97,11.71,1.63,4.48,1.97,0.01,0.03,2.58,SSF,POT,0.32
S-986,2307.55,3889.86,3945.24,0.090864715,0.06,1.68,2.956640368,0.54,24.33,26.68,22.89,6.8,0.73,4.18,0.67,0.04,4.7,2.67,PRI,POT,0.45
S-987,2307.58,3887.85,3940.12,0.048535544,0.03,1.47,1.509871944,0.47,24.58,23.27,19.52,8.66,0.81,5.69,0.88,0.04,8.12,2.68,PRI,POT,0.38
S-11,1757.46,3751.69,4081.56,0.48,0.03,0.65,0.09,2.84,42.58,3.43,15.01,10.46,1.24,4.71,2.8,0.02,0.02,2.6,SSF,POT,0.17
S-417,3060.19,3863.12,4175.56,0.14,0.02,0.71,0.9,0.01,27.44,16.07,28.17,1.63,0.5,7.03,0.53,0.01,0.02,2.54,SSF,POT,0.29
S-530,3343.05,3724.24,4088.6,0.02,0,0.69,0.62,0.01,28.48,22.59,24.9,1.64,0.29,3.39,0.67,0.07,2.51,2.65,PRI,POT,0.44
S-1221,4006,3647.91,4488.46,0.32,0.02,0.85,0.09,8.39,33.19,1.18,13.34,20.03,2.28,1.7,4.52,0.01,0.03,2.64,SSF,POT,0.08
S-217,3089.65,3953.87,4344.17,0.36,0.02,0.49,0.3,0.04,33.86,14.8,33.81,0.99,1.12,5.46,0.6,0,0.03,2.57,SSF,POT,0.29
S-1206,2747.24,3696.12,4011.66,0.115946384,0.01,2.07,0.529632098,0.12,39.72,20.07,16.97,11.03,2.37,3.56,0.12,0.02,0.17,2.53,SSF,POT,0.36
S-348,3049.01,3860.19,4216.54,0.28,0.04,1.27,0.09,0.03,28.19,18.02,29.59,1.52,0.38,5.78,0.56,0.01,0.04,2.54,SSF,POT,0.38
S-1066,3933.63,3915.59,4470.41,0.454271567,0.11,0.87,0.215787045,0.65,32.01,8.53,26.54,12.71,0.75,2.8,2.03,0,0.09,2.57,SSF,POT,0.27
S-1137,3474.54,4206.83,4377.24,0.024541503,0.01,1.11,0.026846235,0.87,30.52,12.31,22.53,6.04,0.84,4.89,0.98,0.01,3.69,2.7,PRI,POT,0.45
S-386,2972.06,3933.61,4192.97,0.17,0.02,0.89,0.63,0.01,29,22.35,25.28,1.21,0.33,6.44,0.6,0,0.02,2.57,SSF,POT,0.32
S-968,3029.61,3799.28,4029.46,0.052066246,0,1,0.579934954,0.01,24.17,21.09,16.94,2.4,0.38,6.03,0.75,0.07,2.27,2.67,PRI,POT,0.42
S-144,1541.01,3759.66,4072.65,0.39,0.04,0.29,0.13,0.49,29.88,7.6,12.61,4.63,0.24,8.85,2.11,0.02,0.05,2.6,SSF,POT,0.21
S-1214,3980.33,4019.99,4398.81,0.27,0.01,0.96,0.1,1.6,29.11,5.77,34.49,18.08,0.41,2.32,1.8,0.01,0.03,2.55,SSF,POT,0.18
S-207,3658.45,3933.61,4387.65,0.55,0.16,1.99,0.46,0.03,25.92,11.1,39.09,5.68,0.52,8.11,1.75,0.01,0.02,2.56,SSF,POT,0.22
S-1208,3661.88,3638.68,4420.3,0.43,0.02,1.25,0.12,0.41,29.87,7.39,31.29,14.06,0.58,4.93,1.66,0.02,0.02,2.55,SSF,POT,0.16
S-1176,3499.95,3160.16,4119.45,0.005235827,0,1.31,0.006713858,3.2,22.31,5.38,3.74,5.92,1.29,8.2,4.51,0.06,0.78,2.75,PRI,CLO-SER,0.44
S-707,2396.91,3879.03,4010.51,0.41,0.01,2.15,1.02,0.04,24.01,19.9,30.22,6.19,0.92,5.88,0.84,0.01,0.41,2.58,SSF,POT,0.25
S-88,3624.63,3810.7,4403.55,0.5,0.05,0.9,0.09,2.62,31.48,12.66,26.17,5.6,1.51,3.04,2.58,0,0.02,2.59,SSF,POT,0.27
S-696,2538.72,3534.35,3931.51,0.01,0,0.91,0.28,0.09,27.6,16.71,22.26,3.04,0.24,5.24,0.5,0.03,3.4,2.66,PRI,POT,0.38
S-1274,1978.89,4247.8,4309.88,0.43,0.01,0.58,0.12,0.51,29.49,8.93,24.63,9.81,0.7,6.38,1.13,0.02,0.25,2.54,SSF,POT,0.19
S-1113,3183.35,4164.77,4344.53,0.014122628,0,1.16,0.176459648,0.02,21.56,11.64,16.25,2.46,0.46,6.88,0.93,0.03,5.09,2.67,SSD,POT,0.5
S-90,3444.58,4006.04,4379.73,0.95,0.01,1.4,0.06,0.39,30.21,15.33,28.51,2.03,2.28,4.85,1.31,0,0.01,2.56,SSF,POT,0.26
S-269,3528.41,3542.12,4302.51,0.04,0.02,0.74,0.81,0.16,38.16,16.27,16.07,2.9,1.5,2.41,2.09,0.12,7.83,2.54,SSF,POT,0.13
S-1260,2652.23,3456.25,3785.64,0.02,0,0.74,0.33,0.05,24.54,19.43,19.92,1.58,0.28,6.86,0.61,0.05,4.01,2.65,PRI,POT,0.37
S-1183,3674.18,3453.34,4231.36,0.00828461,0,1.34,0.008478113,2.88,59.28,1.87,4.87,27.1,0.69,0.05,0.98,0.01,0.07,2.73,SSD,POT,0.27
S-218,3555.37,4010.41,4329.44,0.03,0.02,1.55,0.24,0.54,31.1,13.54,25.88,7.97,0.88,4.11,1.47,0.06,5.07,2.57,PRI,POT,0.41
S-1097,1835.83,4300.14,4263.66,0.008891779,0,0.64,0.083626641,0.08,18.81,5.33,26.8,1.94,0.87,16.69,0.97,0.01,0.03,2.57,SSF,POT,0.27
S-80,3174.64,4102.54,4397.24,0.22,0.03,0.65,0.15,0.32,19.67,15.66,39.58,1.88,0.82,4.73,1.57,0,0.02,2.54,SSD,POT,0.34
S-732,2727.91,3480.98,3650.76,0.01,0.01,0.39,0.46,0.01,18.33,23.55,29.56,2.57,1.25,7.03,0.49,0.07,6.72,,PRI,POT,0.47
S-666,1790.23,3847.57,3978.13,0.33,0.02,0.72,0.07,0.39,28.88,5.37,15.33,11.51,0.42,6.62,1.39,0.01,0.06,2.61,SSF,POT,0.19
S-500,2981.53,3734.4,4083.33,0.16,0.04,0.87,0.64,0.07,28.74,18.35,25.7,2.6,0.87,4.74,0.96,0.01,0.19,2.59,SSF,POT,0.33
S-662,3053.86,3213.94,3949.73,0.01,0,1.62,0.2,0.01,26.23,10.32,12.21,8.67,0.24,7.42,1.03,0.08,3.84,2.7,PRI,POT,0.34
S-1027,3276.81,3249.9,4059.46,0.000238421,0,1.27,0.001239789,3.43,16.16,4.06,16.57,11.9,0.87,14.12,2.18,0.03,3.17,2.79,PRI,POT,0.27
S-1175,3495.69,3163.61,4130.13,0.002732574,0,1.91,0.014798509,3.71,19.19,6.38,3.01,12.9,1.58,10.05,3.6,0.03,0.96,2.8,PRI,CLO-SER,0.43
S-382,2930.67,3905.38,4193.03,0.17,0.01,0.33,0.34,0.25,26.45,18.29,22.16,1.53,0.49,6.46,0.85,0.01,0.03,2.57,SSF,POT,0.27
S-1240,2906.64,3382.21,3852.4,0.03,0,0.67,0.96,0.03,25.08,16.43,15.66,4.11,0.36,8.32,1.1,0.18,3.92,2.66,PRI,POT,0.43
S-649,2483.95,3549.64,3978.12,0.1,0.01,1.13,0.75,0.58,29.91,17.87,27.78,3.38,0.47,6.5,0.31,0.02,1.29,2.55,SSF,POT,0.29
S-40,3132.45,4078.14,4397.1,0.34,0.05,0.79,0.07,0.61,23.38,13.28,23.81,1.96,1.35,5.92,1.85,0.01,0.02,2.6,SSF,POT,0.32
S-31,1938.26,3859.28,4097.16,0.73,0.01,0.57,0.03,1.74,33.38,6.58,17.98,7.05,1.26,5.65,2.11,0,0.03,2.63,SSF,POT,0.23
S-222,2860.09,3387.46,3793.25,0.02,0.01,0.38,1.3,0.01,17.31,25.36,31.09,2.66,0.19,4.54,0.83,0.04,13.13,2.56,PRI,POT,0.4
S-572,2361.64,3801.97,3942.32,0.28,0.02,0.91,0.02,1.71,26.1,6.33,34.14,14.27,0.35,6.62,2,0.01,0.03,2.65,PRI,POT,0.46
S-56,3124.21,4055.5,4345.44,0.26,0.02,1.32,0.1,0.19,28.6,14.23,28.48,1.95,1.56,3.99,1.13,0,0.01,2.58,SSF,POT,0.35
S-24,1939.85,4084.88,4199.07,0.37,0.04,0.59,0.06,1.67,30.86,4.97,34.27,4.57,1.01,6.52,2.15,0,0.06,2.52,SSF,POT,0.21
S-618,3226.86,3400.34,4083.42,0.03,0,2.15,0.21,0.02,27.71,11.17,18.82,10.98,0.3,3.8,1.27,0.03,1.13,2.63,SSF,POT,0.22
S-111,3472.25,3585.28,4162.92,0.01,0,1.37,0.2,0.54,28.61,8.23,18.1,5.57,0.29,8.07,2.71,0.02,0.06,2.6,SSD,POT,0.22
S-109,3577.51,3720.52,4315.43,0.39,0.05,1.11,0.33,0.11,28.55,15.55,28.58,2.75,0.36,7.54,1.81,0.02,0.03,2.56,SSF,POT,0.26
S-518,2530.68,3871.32,4026.83,0.02,0,0.46,0.11,0.32,23.5,9.34,26.19,1.7,0.76,8.58,0.95,0.09,0.01,2.57,SSF,POT,0.23
S-339,3353.68,3378.18,4216.77,0.01,0,1.84,0.01,0.49,28.06,8.75,20.05,9.98,0.28,4.39,1.77,0,0.02,2.58,SSF,POT,0.22
S-191,2108.57,3467.43,3924.3,0.01,0,1.65,0.09,0.04,33.3,8.23,39.76,8.16,0.17,5.26,1.09,0,0.03,2.59,SSD,POT,0.22
S-4,2185.52,4101.31,4235.05,0.85,0.09,0.26,0.04,2.59,28.54,12.82,27.63,4.7,1.07,8.13,2.04,0.01,0.02,2.58,SSF,POT,0.22
S-370,3257.67,3948.47,4222.64,0.02,0,0.53,0.37,0.01,27.12,17.34,23.17,1.29,0.43,5.53,0.56,0.06,3.38,2.64,SSD,POT,0.55
S-115,2208.83,3813.21,4048.32,0.3,0.02,0.57,0.29,0.07,21.56,24.82,29.77,2.81,0.72,8.15,1.52,0.26,0.01,2.55,SSF,POT,0.16
S-615,3087.07,3419.12,3947.65,0.01,0,0.88,0.2,0.32,37.84,17.73,18.35,4.64,0.33,1.8,1.53,0.08,2.25,2.63,PRI,POT,0.36
S-1197,3820.12,3402.47,4222.42,0.006382971,0,0.67,0.000233032,2.54,45.71,15.86,18.2,12.56,0.88,0.34,0.44,0.09,0.05,2.63,SSF,POT,0.38
S-446,2030.14,3929.8,4050.75,0.48,0.08,1.61,0.28,0.59,28.93,10.91,18.52,15.47,1.54,5.53,2.13,0.01,0.03,2.58,SSF,POT,0.15
S-1130,2278.15,4255.31,4279.35,0.132585102,0.02,0.33,0.037495797,0.17,29.82,10.22,16.56,2.56,0.3,6.49,0.82,0.01,0.12,2.6,SSF,POT,0.3
S-1055,1875.22,3723.4,3901.85,0.148327376,0.04,1.06,0.048899387,0.58,29.41,6.83,15.43,12,1.34,7.44,0.72,0.01,0.2,2.59,SSF,POT,0.31
S-1032,3816.02,3886.9,4453.93,0.291309595,0.04,0.54,0.063278434,1.65,23.26,2.58,35.33,16.35,0.88,5.79,4.73,0.01,0.1,2.59,SSF,POT,0.14
S-568,2484.55,3513.84,3934.94,0.01,0,0.7,0.93,0.04,27.02,19.41,24.58,2.78,0.62,6.63,0.34,0.06,5.14,2.67,PRI,POT,0.36
S-1190,4229.81,3782.2,4462.09,0.078920849,0.02,0.98,0.056483239,3.05,30.25,0.67,24.65,22.56,1.18,1.58,5.71,0.01,0.1,2.52,SSF,AR,0.12
S-1008,3295.63,3428.97,4032.43,0.008049004,0,1.37,0.044870087,0.19,33.83,13.12,10.45,9.23,0.39,4.38,0.92,0.06,4.58,2.68,PRI,POT,0.38
S-472,2587.69,3706.89,4044.06,0.14,0.02,1.39,0.57,0,21.79,13.01,35.93,2.6,0.67,8.37,0.7,0,0.06,2.58,SSF,POT,0.22
S-1272,2073.11,4260.89,4290.38,0.47,0.02,0.75,0.11,0.56,28.38,11.52,24.12,6.13,0.76,7.11,1.15,0.02,0.09,2.57,SSF,POT,0.23
S-274,3501.94,3734.43,4296.28,0.14,0.05,1.15,0.12,0.02,32.13,15.94,26.95,2.83,0.66,3.88,1.03,0.01,0.05,2.56,SSF,POT,0.3
S-65,1421.56,3796.83,4087.97,0.87,0.05,0.93,0.03,1.38,37.02,7.23,16.87,5.39,1.53,5.85,1.45,0.01,0.03,2.59,SSF,POT,0.25
S-185,2733.55,3425.09,3832.24,0.02,0,0.43,0.32,0.02,21.46,18.72,18.53,1.07,0.12,8.31,0.76,0.16,2.84,2.66,PRI,POT,0.4
S-564,2588.11,3696.56,3938.06,0.22,0,1.41,0.06,3.21,27.18,8.5,38.26,11.72,0.12,3.04,1.5,0.06,0.05,2.66,PRI,POT,0.33
S-337,2588.56,3312.25,3843.61,0.01,0,1.35,0.79,0.02,24.68,16.8,21.98,3.74,0.12,7.28,0.93,0.08,3.03,2.67,PRI,POT,0.43
S-102,3578.56,3967.69,4290.77,0.05,0.01,0.83,0.13,0.22,28.05,17.79,26.92,2.05,0.48,6.48,1.03,0.07,3.28,2.72,PRI,POT,0.54
S-570,3930.43,3879,4469.1,0.2,0.01,2.39,0.02,1.87,27.57,3.46,32.41,16.46,0.87,5,2.98,0.02,0.03,2.58,SSF,POT,0.11
S-308,3030.27,3849.22,4225.96,0.3,0.04,0.67,0.02,0.03,23,13.94,39.71,2.29,0.4,5.39,0.47,0.02,0.08,2.58,SSF,POT,0.36
S-181,2884.91,3409.77,3843.07,0.02,0,0.13,0.48,0.02,17.81,32.66,18.14,1.76,0.15,6.77,0.93,0.12,5.68,2.65,PRI,POT,0.44
S-661,3090.31,3104.3,3939.8,0,0,2.19,0.01,1.2,26.52,5.74,11.34,10.88,0.09,7.26,1.15,0.06,3.46,2.76,PRI,CLO-SER,0.27
S-139,3061.46,4018.65,4304.68,0.1,0.07,0.23,0.4,0,28.14,13.84,30.23,1.13,1.05,7.53,0.53,0.01,0.05,2.61,SSF,POT,0.26
S-322,3477.65,4406.88,4582.92,0.22,0.01,1.33,0.21,0.05,28.37,17.43,27.25,3.76,0.31,4.4,0.86,0,0.01,2.56,SSD,POT,0.33
S-650,4083,3413.8,4598.02,1.04,0,0.62,0.04,6.28,43.12,6.78,14.26,22.15,0.67,0.72,2.76,0.01,0.05,2.66,SSF,AR,0.1
S-165,3236.52,3998.59,4387.25,0.49,0.05,0.86,0.24,0,26.33,19.91,28.67,1.04,0.33,7.24,1.09,0.03,0.02,2.58,SSF,POT,0.33
S-300,2683.1,3964.69,4179.95,0,0,1.34,0.07,1.08,24.7,16.26,23.67,7.66,0.98,3.14,1.54,0.04,2.78,2.66,SSD,POT,0.37
S-68,1710.5,3966.67,4104.27,0.28,0.03,1.03,0.07,0.16,32.38,10.01,18.73,3.96,1.81,4.51,1.6,0.01,0.05,2.56,SSF,POT,0.25
S-520,1667.65,3873.26,4000.67,0.02,0.01,1.03,0.02,0.62,26.64,6.58,21.96,10.38,0.88,6.01,1.57,0.07,0.03,2.63,SSF,POT,0.26
S-69,3581.38,4081.23,4391.29,0.33,0.04,0.83,0.06,0.14,26.93,10.61,24.9,3.06,1.2,4.23,2.01,0,0.01,2.61,SSF,POT,0.26
S-273,3393.89,3566.52,4266.65,0.21,0.04,1.25,0.26,0.02,35.19,14.45,24.39,7.26,0.86,2.5,1.97,0.02,0.03,2.55,SSF,POT,0.26
S-734,1709.05,3827.51,4034.09,0.26,0.02,0.3,0.15,0.4,29.08,4.42,13.6,14.86,2,6.03,1.43,0,0.04,,SSF,POT,0.18
S-349,3383.85,3814.53,4228.2,0.13,0.01,1.82,0.1,0.01,28.61,19.1,28.48,2.19,0.23,4.71,0.77,0.01,0.03,2.53,SSF,POT,0.4
S-403,3136.56,3603.41,4055.82,0.06,0.03,0.57,0.69,0.02,24.85,17.56,19.85,3.87,0.69,5.54,1.14,0.11,4.02,2.68,SSD,POT,0.36
S-248,1982.04,3500.28,3897.41,0.49,0.06,0.44,0.12,0.01,28.35,9.44,44.55,0.78,1.01,5.75,1.42,0.03,0.08,2.57,SSD,POT,0.27
S-593,3951.79,4084.18,4449.99,0.28,0.04,2.06,0.16,1.49,26.88,6.72,30.46,14.17,0.66,6.99,1.89,0.02,0.05,2.58,SSF,POT,0.19
S-567,2094.46,3783.87,3946.76,0.08,0.01,1.23,0.1,0.47,24.17,14.32,27.06,6.37,0.71,6.1,0.74,0.02,0.42,2.56,SSF,POT,0.2
S-321,3308.82,3613.26,4165.05,0.01,0,1.14,0.63,0.01,32.69,16.47,19.11,4.58,0.51,4.31,0.73,0.1,4.1,2.66,SSF,POT,0.46
S-175,3391.06,3594.07,4039.52,0.02,0,1.5,0.26,0.09,32.8,10.29,17.62,4.16,0.31,6.43,1.82,0.1,4.03,2.71,PRI,POT,0.37
S-333,2682.92,3956.3,4217.53,0.27,0.03,0.96,0.03,1.28,26.99,14.03,23.96,5.87,0.89,3.35,1.09,0.01,0.05,2.6,SSF,POT,0.34
S-1193,1635.41,3643.9,4051.77,0.310739599,0.06,0.82,0.049139926,2.87,33.65,2.11,8.36,16.61,0.95,5.49,2.38,0.01,0.07,2.62,SSF,POT,0.25
S-687,2185.5,3761.91,3925.88,0.02,0,1.36,0.47,0.06,25.15,17.76,36.58,3.62,0.59,4.76,0.5,0.05,5.22,2.67,PRI,POT,0.34
S-721,2734.86,3674.34,3938.72,0.02,0,0.69,0.21,0.34,27.66,18.06,30.01,2.93,0.54,4.13,0.55,0.06,2.57,2.66,PRI,POT,0.38
S-1039,3815.74,3850.35,4360.85,0.652079875,0.08,1.43,0.031131719,0.98,38.6,5.15,27.02,15.62,0.47,3.84,2.69,0.01,0.04,2.55,SSF,CLO-SER,0.27
S-470,2113.69,4384.02,4433.82,0.45,0.06,0.76,0.05,1.9,37.15,6.78,29.15,12.01,0.52,1.03,0.78,0.01,0.02,2.6,SSF,POT,0.22
S-242,3621.6,3793.82,4323.11,0.58,0.14,2.37,0.33,0.75,43.76,12.7,28.7,2.55,1.37,2.58,1.96,0.01,0.02,2.57,SSF,POT,0.23
S-432,1833.32,3920.35,4040.52,0.33,0.07,0.59,0.14,2.4,29.56,5.57,16.82,15.58,1.09,6.39,1.88,0.03,0.08,2.61,SSF,POT,0.13
S-3,1688.91,3868.31,4207.6,0.89,0.04,0.32,0.02,1,39.24,4.44,20.52,6.79,0.8,5.92,1.63,0,0.03,2.59,SSF,POT,0.19
S-459,2308.24,3940.6,4071.14,0.41,0.08,0.78,0.17,0.26,26.43,12.87,20.89,7.14,0.96,6.95,1.6,0,0.03,2.6,SSF,POT,0.24
S-1063,3673.35,3478.78,4132.59,0.008621025,0,1.28,0.007497341,1.05,25.87,1.97,7.8,9.19,0.71,11.18,2.02,0.04,5.34,2.72,PRI,POT,0.29
S-1109,2114.46,4329.83,4232.75,0.182336869,0.03,0.38,0.123300864,0.67,24.21,8.31,16.67,3.77,0.59,8.13,1.34,0.01,0.06,2.6,SSF,POT,0.22
S-712,3090.7,3102.9,4040.67,0,0,2,0.01,1.71,32.4,4.93,14.9,17.22,0.31,5.58,1.32,0.01,0.29,2.6,PRI,CLO-SER,0.2
S-325,2485.07,3775.46,4094.9,0.51,0.02,1.05,0.24,0.49,31.7,17.07,27.31,7.82,0.67,4.8,0.73,0.01,0.03,2.55,SSF,POT,0.27
S-481,2280.37,3861.66,4038.09,0.49,0.02,1.29,0.64,0.2,26.6,15.27,39.49,6.85,1.22,6.18,0.68,0,0.01,2.54,SSF,POT,0.22
S-1031,3276.81,3254.36,4027.77,0.008929999,0,1.3,0.04413252,0.13,20.08,9.52,17.38,3.94,1.28,16.91,4.43,0.67,5.41,2.79,PRI,POT,0.21
S-200,3598.13,3748.49,4346.31,0.22,0.06,1.49,0.13,0.15,34.58,13.98,24.89,10.11,0.69,5.11,1.46,0,0.08,2.55,SSF,POT,0.26
S-541,4029.3,3645.72,4578.59,0.14,0.05,1.1,0.06,1.93,24.78,2.1,21.68,14.17,0.8,7.29,7.1,0.06,0.04,2.66,SSF,POT,0.07
S-380,3983.13,3289.57,4654.31,0.63,0.08,1.06,0.05,4.58,32.83,2.62,10.21,25.72,1.61,2.1,6.02,0,0.11,2.62,SSF,POT,0.09
S-361,3268.65,3836.5,4234.64,0.17,0.03,0.43,0.21,0,28.77,19.75,25.48,2.33,0.72,6.17,0.66,0,0.13,2.57,SSF,POT,0.4
S-962,1667.61,3886.55,4034.93,0.8073239,0.08,0.42,0.023759479,0.47,28.87,5.65,19.47,15.18,0.57,6.96,2.29,0.01,0.06,2.62,SSF,POT,0.21
S-1187,3674.05,3458.38,4212.01,0.001217594,0,0.82,0.00608312,1.55,45.72,8.93,16.81,15.63,0.42,0.54,0.84,0.05,0.08,2.59,SSD,POT,0.35
S-980,2653.23,3439.4,3734.18,0.01601704,0.01,0.46,0.479632371,0.01,24.98,16.44,17.5,1.87,0.56,8.05,1.37,0.09,3.81,2.68,PRI,POT,0.41
S-1093,1836.03,4317.32,4337.69,0.302513672,0.02,1.1,0.069296045,0.01,24.91,11.04,36.47,7.45,0.71,7.3,1.9,0.01,0.05,2.56,SSF,POT,0.25
S-1035,3815.89,3866.73,4402.76,0.665704798,0.14,1.36,0.050084963,1.16,30.95,3.36,25.27,21.15,0.69,4.3,3.13,0.01,0.06,2.61,SSF,POT,0.19
S-208,2780.8,3951.82,4238.5,0.04,0.01,1.93,0.58,0.09,36.21,20.96,20.49,6.07,1.36,3.14,1.45,0.09,1.47,2.73,SSD,POT,0.31
S-654,4125.33,3898.21,4449.41,0.38,0.1,1.35,0.23,1.86,29.82,4.76,26.66,17.31,1.39,6.34,2.48,0,0.05,2.82,SSF,AR,0.11
S-599,3933.6,3905.87,4505.34,0.25,0.03,0.27,0.01,0.67,26.69,4.09,37.61,17.22,0.14,4.66,2.85,0.01,0.03,2.52,SSF,POT,0.08
S-1204,3966.16,3637.87,4397.73,0.24205787,0.02,0.93,0.018421368,1.76,30.79,3.61,22.27,14.39,0.97,7.66,2.35,0.01,0.08,2.62,SSF,CLO-SER,0.18
S-1283,3576.71,3538.63,4236.23,0.04,0,2.1,0.06,0.36,34.35,9.53,20.72,13.83,0.52,3.35,1.3,0.02,0.04,2.56,SSF,POT,0.19
S-1152,3237.97,3324.99,4033.11,0.00290287,0,1.48,0.041836043,0.26,39.33,12.2,14.98,12.49,0.2,2,1.07,0.29,1.93,2.63,PRI,CLO-SER,0.45
S-323,3308.82,3568.32,4218.73,0.13,0.03,1.1,0.06,0.16,29.05,15.85,26.74,9.48,0.66,2.9,0.57,0,0.03,2.53,SSF,POT,0.3
S-108,3545.97,3749.03,4277.94,0.19,0.03,0.42,0.31,0.02,21.4,15.19,25.51,1.82,0.15,14.91,1.68,0.01,0.03,2.51,SSF,POT,0.2
S-992,2307.73,3878.62,3916.35,0.012088093,0,0.74,0.316970637,0.54,25.68,21.47,20.63,6.47,0.58,5.93,0.7,0.05,12.44,2.65,PRI,POT,0.39
S-57,3333.08,4066.47,4371.69,0.34,0.02,1.1,0.03,0.01,28.22,18.58,23.48,1.09,1.38,4.64,0.93,0,0.01,2.61,SSF,POT,0.39
S-122,3612.16,3843.66,4336.49,0.17,0.04,1.42,0.35,0.31,33,16.73,29.14,4,0.63,4.84,1.88,0.01,0.03,2.57,SSF,POT,0.25
S-447,2530.77,3870.45,4100.81,0.22,0.02,0.41,0.43,0,22.01,15.22,26.89,1.87,0.48,9.97,0.95,0.02,0.07,2.61,SSF,POT,0.25
S-26,1983.97,4052.51,4248.39,0.55,0.07,0.61,0.04,1.51,34.38,7.85,26.13,7.64,0.97,5.14,2.01,0,0.06,2.61,SSF,POT,0.25
S-74,2367,3993.64,4106.9,0.62,0.06,0.27,0.2,0.91,23.6,10.28,17.42,2.3,1.12,9.49,1.66,0.01,0.03,2.63,SSF,POT,0.19
S-255,2616.12,3263.95,3820.38,0.02,0.01,0.84,0.27,0.01,24.12,17.04,20.48,3.2,0.2,6.52,1.01,0.06,4.52,2.65,PRI,POT,0.34
S-45,1935.04,3938.02,4186.32,0.76,0.05,0.68,0.05,1.9,32.71,5.88,20.6,6.74,1.39,5.93,1.77,0,0.02,2.56,SSF,POT,0.24
S-436,3475.81,3715.81,4153.85,0.02,0,1.65,0.19,0.18,29.38,18.68,24.5,4.55,0.92,3.47,1.16,0.03,4.5,2.68,PRI,POT,0.38
S-320,3307.54,3651.61,4118.94,0.01,0,1.57,0.56,0.01,32.92,21.48,18.26,6.06,0.68,3.8,0.84,0.05,4.89,2.67,PRI,POT,0.41
S-1101,1835.68,4278.75,4168.03,0,0,0.97,0.051850362,0.08,20.94,14.89,26.39,3.16,0.73,12.32,1.61,0.01,0.06,2.53,SSD,POT,0.24
S-347,3265.16,3822.24,4227.79,0.24,0.02,1.22,0.45,0.05,32.99,19.88,28.56,3.23,0.4,4.45,0.8,0,0.02,2.55,SSF,POT,0.41
S-364,3249.22,3930.86,4217.73,0.01,0,0.73,0.32,0.03,26.57,16.71,24.05,1.65,0.41,6.41,0.55,0.06,2.84,2.67,SSD,POT,0.52
S-373,3329.51,3547.57,4119.99,0.03,0.01,1.7,0.23,0.02,30.27,17.06,17.55,5.82,0.53,3.91,1.47,0.07,2,2.66,PRI,POT,0.46
S-1096,1835.84,4300.93,4267.07,0.08044263,0.01,0.61,0.064826816,0.01,23.15,9.27,27.41,2.96,0.46,5.67,0.84,0.01,0.05,2.58,SSF,POT,0.24
S-304,3261.02,3293.18,4122.62,0,0,2.49,0,1.92,37.38,4.14,15.28,24.46,0.4,2.8,1.62,0.01,0.06,2.64,SSD,CLO-SER,0.2
S-1177,3504.21,3156.69,4108.79,0.00572261,0,0.86,0.005854663,1.8,28.22,10.88,7.41,5.19,1.3,2.37,4.07,0.05,1.02,2.69,PRI,CLO-SER,0.52
S-1122,1681.61,4186.48,4239.82,0.732993617,0.02,0.77,0.072527445,0.01,23.03,10.94,34.48,4.14,0.27,8.06,1.2,0.01,0.02,2.53,SSF,POT,0.27
S-1263,2652.56,3450.04,3766.73,0.02,0,1.16,0.77,0.02,27.76,20.91,16.84,4.07,0.66,5.91,0.79,0.02,4.8,2.67,PRI,POT,0.39
S-350,3236.3,3754.67,4221.18,0.13,0.01,0.93,0.72,0,29.62,20.84,25.08,2.04,0.29,5.3,0.6,0.01,0.07,2.53,SSF,POT,0.31
S-455,3029.51,3820.52,4114.08,0.02,0,1.1,0.31,0.48,27.41,17.48,22.41,1.77,0.44,4.76,0.65,0.03,1.45,2.66,PRI,POT,0.44
S-643,2724.24,3550.26,3954.9,0.01,0.01,1.05,0.43,0.03,23.47,13.84,17.59,2.57,0.17,8.34,0.95,0.03,3.21,2.67,PRI,POT,0.31
S-334,3237.94,3367.24,4171.41,0.01,0,1.81,0.05,0.47,33.37,8.08,18.12,12.96,0.32,4.27,1.59,0,0.02,2.59,SSF,CLO-SER,0.26
S-1251,1784.02,4017.26,4284.31,0.94,0.03,0.47,0.04,0.81,28.61,7.55,27.66,15.21,1.3,5.1,1.66,0.01,0.02,2.56,SSF,POT,0.2
S-745,3327.74,3952.75,4177.5,0.01,0.01,1.14,0.45,0.02,29.94,15.46,19.48,1.31,0.28,7.21,1.09,0.08,2.64,,PRI,POT,0.55
S-343,3320.07,3196.81,4194.65,0.09,0.02,1.03,0.05,4.45,26.58,6.79,17.38,16.3,0.77,5.97,2.51,0.08,0.07,2.72,SSD,CLO-SER,0.3
S-622,3076.08,3193.35,4022.95,0,0,2.14,0.05,0.18,25.05,8.82,8.89,7.66,0.11,7.95,1.43,0.04,3.08,2.72,PRI,POT,0.27
S-62,1522.86,3879.69,4092.59,0.69,0.07,0.52,0.03,0.12,30.24,8.82,19.72,3.59,1.4,4.4,1.58,0,0.03,2.57,SSF,POT,0.23
S-359,3061.3,3799.96,4145.45,0.33,0.04,1.05,0.21,0.03,27.08,19.71,19.33,1.87,0.54,7.02,0.86,0.01,0.04,2.59,SSF,POT,0.33
S-487,3305.76,3760.14,3983.61,0.03,0,0.24,1.51,0,28.09,23.38,22.71,1.16,0.4,3.81,0.57,0.03,3.14,2.68,PRI,POT,0.45
S-94,1734.88,3903.57,4076.75,0.57,0.12,0.35,0.15,0.22,29.87,5.29,20.2,6.5,0.47,7.39,2.41,0,0.02,2.59,SSF,POT,0.23
S-667,3042.88,3190.8,3951.88,0.01,0,2.01,0.27,0.01,29.99,9.72,11.55,10.7,0.22,6.83,1.02,0.06,3.35,2.7,PRI,POT,0.31
S-228,2871.65,3262.45,3842.5,0.01,0.02,0.6,0.63,0.01,23.56,17.69,20.4,5.26,0.3,5.5,1.52,0.06,5.93,2.66,PRI,POT,0.37
S-606,3029.48,3815.97,4096.15,0.02,0,0.52,0.35,0.09,30.49,16.27,20.42,2.04,0.96,5.7,1.9,0.06,2.37,2.67,PRI,POT,0.3
S-731,2400.91,3655.28,3965.97,0.38,0.04,0.25,0.08,1.03,28.15,6.14,11.47,10.48,1.44,7.32,2.43,0.02,0.04,,SSF,POT,0.22
S-1290,3490.15,3645.94,4116.81,0.01,0,1.49,0.28,0.2,29.77,16.67,18.93,5.46,0.56,5.2,0.89,0.09,4.06,2.66,PRI,POT,0.47
S-294,3265.21,3806.62,4141.19,0.07,0,1.5,0.95,0.14,30.17,23.21,23.94,3.46,0.35,5.09,0.62,0.1,1.29,2.66,PRI,POT,0.57
S-329,2734.05,3938.28,4189.61,0.03,0,1.07,0.1,0.7,26.6,16.64,25,4.93,0.45,4.13,0.8,0.02,1.14,2.68,SSD,POT,0.37
S-1075,3933.71,3950.29,4343.06,0.138725677,0.02,1.21,0.044551879,0.11,25.04,1.85,48.59,10.34,0.53,4.17,2.47,0.01,0.03,2.55,SSF,POT,0.3
S-629,3265.39,3784.47,4017.15,0.09,0,0.39,1.25,0.01,24.23,23.9,28.85,1.84,0.17,6.6,0.67,0.06,3.39,2.65,PRI,POT,0.42
S-368,3323.04,3981.41,4236.77,0,0,0.82,0.18,0.02,27.04,15.25,21.9,1.01,0.24,5.91,0.68,0.12,3.11,2.65,SSD,POT,0.52
S-1089,2430.14,3980.51,3975.64,0.016374641,0,1.8,0.822640388,0.71,19.68,20.59,27.08,6.82,0.54,7.36,0.87,0.04,7.08,2.68,PRI,POT,0.4
S-1133,2279.14,4228.24,4158.35,0.101776187,0.02,0.43,0.067544748,0.33,27.2,11.94,10.91,2.83,0.53,6.86,1.11,0,0.04,2.61,SSD,POT,0.25
S-601,2588.13,3695.98,3932.07,0.02,0,1.44,0.65,0.14,26.57,13.91,29.49,2.16,0.47,7.14,0.49,0.01,5.45,2.67,PRI,POT,0.36
S-557,3816.03,3889.2,4459.74,0.24,0.03,0.34,0.03,1.05,12.24,5.68,50.7,7.42,0.08,7.39,4.08,0.07,0.03,2.57,SSF,POT,0.12
S-1060,3674.7,3415.97,4374.05,0.069978373,0.03,1.31,0.036368545,3.74,62.17,1.12,1.67,28.37,0.73,0.03,0.12,0.01,0.05,2.67,SSF,POT,0.15
S-1256,3836.73,3692.59,4243,0.1,0.01,1.94,0.21,0.62,27.17,7.12,22.75,11.08,0.73,7.76,1.33,0.01,0.91,2.52,SSF,POT,0.23
S-485,3305.64,3754.01,3991.51,0.03,0,0.13,0.68,0,18.53,14.89,27.89,0.5,0.16,7.97,0.59,0.05,3.37,2.71,PRI,POT,0.35
S-112,1738.51,3764.47,4039.17,0.46,0.03,0.39,0.13,0.47,33.91,3.95,14.69,9.81,0.62,8.71,2.2,0.01,0.02,2.59,SSF,POT,0.17
S-548,4188.77,3627.84,4591.51,0.4,0.1,0.34,0.12,4.05,20.58,9.94,18.64,22.49,0.29,3.34,6.38,0.03,0.13,2.64,SSF,AR,0.05
S-394,2920.38,3966.8,4277.56,0.01,0,1.04,0.2,0.75,23.31,16.8,20.2,2.23,0.63,5.81,1.21,0.04,1.3,2.66,PRI,POT,0.38
S-558,3815.97,3880,4436.49,0.15,0.01,1.42,0.04,0.6,25.37,12.4,48.45,5.24,0.19,1.86,1.55,0.01,0.04,2.57,SSF,POT,0.22
S-598,3943.9,4040.56,4445.62,0.29,0.02,0.91,0.02,1.67,31.33,9.3,33.26,9.84,0.33,2.64,1.55,0.01,0.02,2.56,SSF,POT,0.2
S-513,1832.32,3888.5,4005.59,0.48,0.09,0.74,0.02,0.59,28.46,8.42,19.11,10.09,0.86,5.5,1.5,0.05,0.03,2.57,SSF,POT,0.2
S-668,3042.88,3190.8,3951.88,0.01,0,2.01,0.27,0.01,29.99,9.72,11.55,10.7,0.22,6.83,1.02,0.06,3.35,2.7,PRI,POT,0.35
S-451,2211.09,3991.47,4060.72,0.27,0.06,1.55,0.14,0.57,27.16,13.63,19.58,10.06,0.8,5.98,1.71,0,0.02,2.59,SSF,POT,0.16
S-1144,2736.04,4071.22,4196.95,0.003014578,0,0.9,0.030636116,0.81,29.24,14.26,18.35,3.24,0.6,4.53,0.8,0.18,1.37,2.66,SSD,POT,0.52
S-1006,3295.88,3411.95,4092.05,0.016925089,0,1.89,0.002797198,0.57,30.6,8.66,15.78,16.58,1.23,4.01,1.9,0.13,4.74,2.7,PRI,POT,0.38
S-670,2334.14,3771.63,3918.9,0.02,0,0.72,0.65,0.1,22.57,22.95,32.46,3.2,0.29,5.82,0.6,0.19,5.85,2.68,PRI,POT,0.41
S-725,1582.9,3856.63,4028.77,0.31,0.06,0.34,0.06,0.47,21.47,9.06,10.18,6.29,1.34,6.03,2.44,0,0.02,,SSF,POT,0.21
S-225,3564.85,4032.01,4419.55,0.33,0.1,0.63,0.15,0.13,30.93,8.49,30.68,3.77,2.43,4.35,1.68,0.01,0.07,2.55,SSF,POT,0.25
S-517,2030.2,3943.56,4004.77,0.13,0,1.16,0.13,0.65,23.66,11.7,28.8,9.24,0.83,5.86,1.56,0.09,1.04,2.59,SSF,POT,0.19
S-698,2640.54,3508.97,3927.76,0.01,0,1.3,0.45,0.16,25.06,14.99,22.6,3.15,0.26,6.82,0.51,0.03,3.1,2.67,PRI,POT,0.36
S-463,3295.85,3414.1,4084.6,0.01,0,1.49,0.01,0.13,25.3,11.68,22.17,11.37,1.02,4.21,1.04,0.17,3.77,2.7,PRI,POT,0.34
S-1217,4186.77,3693.82,4620.16,0.62,0.01,0.45,0.06,1.24,24.84,0.97,11.45,11.27,0.45,12.37,4.49,0,0.04,2.58,SSF,AR,0.07
S-1231,2651.51,3475.63,3844.16,0.04,0,0.45,0.39,0.02,30.99,17.12,18.37,1.71,0.1,5.98,0.64,0.08,3.27,2.66,PRI,POT,0.39
S-140,1892.33,3742.27,3960.95,0.25,0.06,1.39,0.41,0.56,30.16,6.21,23.34,9.43,0.42,8.4,1.81,0.01,0.03,2.56,SSF,POT,0.16
S-989,2307.64,3883.86,3929.87,0.008345502,0.01,0.49,0.320139166,0.67,21.52,15.13,33.62,2.81,0.66,7.68,0.58,0.08,4.09,2.67,PRI,POT,0.51
S-562,2635.4,3765.57,3956.15,0.02,0,0.41,0.82,0.85,24.82,15.11,31.1,1.98,0.66,5.94,0.53,0.04,4.14,2.66,PRI,POT,0.39
S-1154,3220.82,3347.96,3967.06,0.002049274,0,1.02,0.246817425,0.01,24.15,14.36,16.77,8.42,0.21,5.92,1.57,0.07,5.56,2.68,PRI,POT,0.35
S-1087,2430.54,3994.15,4047.87,0.023292688,0.02,1.34,0.548892004,0.31,22.79,15.9,27.04,3.85,0.5,12.92,0.99,0.08,3.69,2.69,SSD,POT,0.4
S-303,2636.34,3764.18,4097.14,0.11,0.01,0.12,0.16,0.03,21.75,11.79,29.5,1.48,0.62,8.93,0.74,0.03,0.01,2.56,SSF,POT,0.22
S-1169,3475.6,3180.05,4181.44,0.018514907,0,1.9,0.004267401,5.63,22.48,1.66,4.74,10.14,1.12,14.46,3.49,0.06,0.21,2.79,SSD,CLO-SER,0.21
S-1045,3815.49,3829.01,4305.84,0.337658284,0.07,1.25,0.045961439,0.37,22.49,3.27,18.99,10.29,0.97,14.71,2.14,0.01,0.09,2.59,SSF,POT,0.14
S-30,1934.34,3964.13,4215.28,0.63,0.02,0.44,0.02,2.9,37.67,3.79,19.41,7.19,1.23,5.45,1.41,0,0.02,2.56,SSF,POT,0.21
S-172,3627.79,3920.52,4373.21,0.2,0.06,1.12,0.37,1.22,33.41,15.62,29.81,5.32,0.7,4.41,2.52,0.01,0.06,2.54,SSF,POT,0.18
S-259,2012.41,3672.34,3943.82,0.25,0.09,1.85,0.38,0.02,24.38,16.47,36.24,7.22,0.72,6.75,1.08,0.04,0.05,2.53,SSF,POT,0.21
S-319,3295.98,3391.82,4160.92,0.07,0.03,2.38,0.01,0.83,36.21,9.14,19.06,16.93,0.47,2.4,2.09,0,0.03,2.6,SSF,POT,0.22
S-714,3232.15,3860.54,4154.75,0.07,0.01,1.03,0.89,0.05,31.15,19.34,26.1,2.9,0.23,5.39,0.81,0.11,2.41,2.65,SSD,POT,0.48
S-392,2503.99,3873.29,4132.21,0.49,0.03,0.97,0.09,0.1,21.76,13.03,25.42,4.32,0.79,11.57,1.12,0.01,0.05,2.57,SSF,POT,0.35
S-742,3233.78,3872.76,4221.91,0.16,0.06,0.91,0.18,0.05,21.35,17.97,30,3.4,2.34,7.13,0.77,0.01,0.05,,SSF,POT,0.31
S-625,3051.81,3167.66,4019.3,0,0,1.74,0.01,0.45,25.48,9.12,9.86,9.96,0.07,6.91,1.31,0.05,2.41,2.7,PRI,POT,0.29
S-1124,1681.59,4198.38,4194.35,0.407154732,0.06,0.55,0.150043943,0.01,24.7,11.56,36.81,4.28,0.58,7.27,1.99,0.01,0.05,2.53,SSF,POT,0.29
S-67,1759.73,4016.86,4110.11,0.16,0.03,0.99,0.06,0.83,26.29,9.51,23.88,4.61,1.44,5.21,1.64,0.01,0.01,2.5,SSF,POT,0.26
S-617,2729.39,3758.33,3986.41,0.02,0,1.03,0.2,0.36,22.26,13.37,36.05,3.58,0.28,6.05,0.5,0.04,1.4,2.66,PRI,POT,0.39
S-1127,1681.88,4214.65,4131.94,0.01326328,0.01,1.03,0.60951139,0.17,22.97,15.94,21.92,4.25,0.8,7.8,1.6,0.18,5.1,2.66,PRI,POT,0.47
S-267,3489.4,3413.49,4312.59,0.02,0,1.33,0.01,1.27,51.42,13.77,16.19,12.88,0.84,0.19,0.54,0.04,0.27,2.55,SSF,POT,0.27
S-1026,3276.81,3248.51,4069.36,0.002117065,0,1.52,0.02634124,4.27,26.65,2.25,6.85,13.39,0.63,10.38,3.55,0.06,5.35,2.79,PRI,POT,0.27
S-443,3478.2,3378.18,4227.66,0.05,0.01,0.93,0.11,0.9,27.22,7.53,20.61,14.19,0.55,5.08,1.6,0.01,0.05,2.61,SSF,POT,0.21
S-231,3642.69,3985.96,4395.57,0.25,0.05,1.39,0.15,0.4,30.86,15.54,24.79,9,0.78,5.27,2.04,0.01,0.04,2.69,SSF,POT,0.29
S-246,2884.69,4045.25,4337.13,0.31,0.12,0.81,0.12,0.31,31.14,14.84,32.67,3.11,0.98,2.05,2.1,0.02,0.05,2.6,SSF,POT,0.31
S-1071,3933.67,3934.94,4400.03,0.262882207,0.02,1.53,0.061296864,2.42,40.42,0.67,17.05,30.98,0.69,0.55,1.83,0.01,0.09,2.65,SSF,POT,0.14
S-529,3341.27,3656.76,4088.45,0.03,0,0.82,0.54,0.12,30.59,18.99,20.21,3.45,0.83,5.09,0.77,0.07,3.31,2.67,PRI,POT,0.41
S-313,3308.45,3627.34,4148.16,0.01,0,1.38,0.32,0.01,29.05,16.67,19.2,5.45,0.63,4.41,1.03,0.08,2.86,2.63,SSD,POT,0.45
S-604,3306.59,3677.09,4088.11,0.04,0,0.74,0.99,0.01,29.22,19.41,25.09,2.64,0.66,5.3,0.68,0.04,3.79,2.64,PRI,POT,0.34
S-1210,3655.47,3520.33,4425.72,0.41,0.02,0.88,0.1,2.84,34.56,3.55,23.29,26.51,0.53,2.98,1.04,0.01,0.04,2.53,SSF,POT,0.12
S-262,1869.16,3519.9,3968.13,0.04,0.01,1.58,0.04,1.09,31.12,4.49,15.95,23.57,1.14,6.15,0.63,0.09,0.06,2.62,SSF,POT,0.22
S-595,2231.7,3763.75,3963.25,0.01,0,1.13,0.45,0.35,21.06,17.3,35.95,2.52,0.25,6.18,0.52,0.02,5.07,2.67,PRI,POT,0.26
S-505,2160.87,3382.47,3888.87,0.01,0,2.36,0.19,0.02,25.8,18.18,32.02,5.62,0.53,5.69,0.54,0.01,0.2,2.53,SSD,POT,0.25
S-73,1810.71,3945.29,4123.83,0.76,0.02,0.27,0.07,2.69,26.38,8.02,17.59,4.72,1.45,7.2,2.16,0.01,0.04,2.52,SSF,POT,0.24
S-96,1833.36,3914.88,4088.21,0.8,0.04,0.23,0.08,0.4,30.36,6.44,19.11,6.07,0.47,7.31,2.44,0.24,0.34,2.57,SSF,POT,0.22
S-34,1986.65,3945.31,4191.38,0.59,0.03,0.33,0.04,2.5,35.37,4.1,21.01,10.64,1.33,4.69,2.31,0,0.09,2.6,SSF,POT,0.2
S-272,3708.17,3914.89,4419.04,0.12,0.04,1.15,0.07,0.27,28.2,6.4,26.91,10.8,0.81,4.49,2.91,0.04,0.18,2.51,SSF,POT,0.19
S-213,2336.69,3200.18,3942.4,0.1,0.02,1.78,0.04,0.2,30.34,9.68,28.05,7.85,0.55,6,1.27,0.02,0.08,2.55,SSF,POT,0.23
S-400,2630.76,3614.45,4005.69,0.06,0.01,0.98,0.28,0.16,27.54,14.87,24.96,5.65,0.87,6.11,0.7,0.08,5.43,2.68,PRI,POT,0.36
S-640,3139.08,3441.27,4031.02,0.01,0,1.23,0.27,0.25,35.9,22.66,20.78,7.09,0.62,1.68,1.71,0.04,0.39,2.63,SSD,POT,0.4
S-377,3130.28,3730.27,4146.12,0.15,0.03,0.85,0.08,0.01,26.5,17.86,24.87,1.62,0.54,6.1,0.62,0.01,0.04,2.57,SSF,POT,0.42
S-79,3388.83,4023.57,4418.3,0.79,0.1,1.06,0.14,0.19,29.67,18.07,30.97,1.69,1.23,4.24,1.29,0,0.05,2.57,SSF,POT,0.35
S-86,3602.12,3597.13,4422.4,0.4,0.2,1.59,0.08,3.33,40.56,7.01,26.3,8.32,1.16,3.12,1.31,0,0.04,2.54,SSF,POT,0.2
S-352,2767.66,3958.64,4201.8,0.01,0,0.64,0.09,0.39,22.23,16.25,23.07,3,0.4,6,0.94,0.08,3.63,2.66,PRI,POT,0.37
S-84,1915.66,3972.37,4099.06,0.67,0.07,0.29,0.05,0.79,25.98,8.55,17.6,5.36,1.29,6.55,2.25,0.01,0.36,2.61,SSF,POT,0.23
S-428,1758.34,3831.12,4080.43,0.79,0.06,0.38,0.06,1.55,32.56,4.01,16.42,19.45,2.17,5.93,1.25,0,0.07,2.62,SSF,POT,0.13
S-448,1667.61,3892.25,4049.61,0.9,0.16,1,0.14,1.24,34.51,4.63,15.17,22.04,1.18,5.02,1.28,0.01,0.04,2.66,SSF,POT,0.16
S-1005,3021.6,3490.97,3695.79,0.111597532,0.01,0.99,0.342199497,0.01,11.89,23.63,19.39,5.19,1.32,8.42,1.45,0.2,2.13,2.7,PRI,POT,0.38
S-577,4098.14,3681.59,4504,0.24,0,0.85,0.02,2.55,20.81,7.3,17.9,16.47,0.69,4.43,5.94,0,0.03,2.64,SSF,AR,0.08
S-375,3161.92,3893.78,4206.94,0.21,0.02,0.82,0.47,0.08,31.9,18.75,20.98,1.2,0.39,6.49,0.67,0.01,0.1,2.59,SSF,POT,0.31
S-473,2746.8,3704.39,4084.44,0.41,0.03,1.33,0.15,0.09,27.44,14.91,34.8,6.29,0.57,5.58,0.63,0,0.02,2.58,SSF,POT,0.23
S-549,1908.35,3813.19,3986.57,0.37,0.03,0.7,0.06,0.93,27.39,6.85,18.43,11.41,0.58,6.75,1.56,0.03,0.04,2.58,SSF,POT,0.16
S-6,1786.55,3902.43,4194.77,0.75,0.03,0.67,0.03,0.88,30.86,7.02,22.75,6.52,1.79,6.52,2.33,0,0.02,2.57,SSF,POT,0.22
S-491,3239.35,3737.41,4076.44,0.04,0,0.4,1.11,0.01,30.88,22.64,20.54,2.08,0.42,5.51,0.39,0.07,2.88,2.67,PRI,POT,0.45
S-106,3646.31,3814.27,4290.75,0.35,0.05,1.37,0.45,0.23,32.72,16.3,28.26,5.31,0.68,4.56,3.01,0.11,0.02,2.55,SSF,POT,0.24
S-99,2261.81,3795.41,4011.77,0.37,0.05,0.86,0.7,0.03,21.72,26.67,36.52,2.14,0.57,6.06,0.38,0.05,0.08,2.49,SSF,POT,0.25
S-327,3200.02,3625.77,4112.93,0.01,0,1.27,0.45,0.05,28.09,17.64,17.28,3.73,0.57,4.92,1.12,0.07,4.2,2.68,PRI,POT,0.51
S-453,3029.6,3827.95,4143.15,0.02,0,0.85,0.34,0.01,24.54,17.53,25.87,1.14,0.52,6.51,0.47,0.09,2.32,2.67,PRI,POT,0.43
S-658,2828.25,3649.36,3970.01,0.02,0.01,0.47,0.51,0.02,21.59,15.14,30.52,2.73,0.64,8.06,1.02,0.15,4.74,2.69,PRI,POT,0.34
S-1172,3483.11,3173.88,4162.25,0.000638327,7.39E-05,1.434860846,0.000646851,2.7545141,19.28553331,0.803905281,1.256470042,2.913766765,0.50651432,17.00998867,3.187248349,0.033222691,0.07821931,2.77,SSD,CLO-SER,0.3
S-295,3417.49,3385.05,4219.5,0,0,1.61,0.01,1.46,28.2,7.07,21.04,12.24,0.27,3.13,1.59,0.22,5.09,2.67,SSF,POT,0.37
S-279,1958.96,3589.29,3950.16,0.34,0.06,0.94,0.15,0.05,28.25,8.9,22.36,11.55,0.74,8.3,1.84,0.41,0.13,2.58,SSF,POT,0.25
S-737,3007.51,4022.68,4070.52,0.02,0,0.44,0.01,0.02,20.46,15.48,19.28,1.34,1.29,5.4,1.43,0.04,0.92,,PRI,POT,0.33
S-630,3139.19,3776.48,4110.95,0.09,0.01,0.81,0.83,0.06,28.12,22.66,25.6,2.75,0.56,4.73,0.59,0.06,1.07,2.58,SSF,POT,0.42
S-641,2920.23,3606.3,3954.07,0.03,0,1.51,0.67,0.12,20.23,21.67,24.16,3.52,0.43,5.25,1.24,0.06,3.3,2.68,PRI,POT,0.36
S-1114,3183.35,4164.77,4344.53,0.014122628,0.002541154,1.162250092,0.176459648,0.023520558,21.55511819,11.63555194,16.24585275,2.464842432,0.463513656,6.883669584,0.930215491,0.034103454,5.086227701,,SSD,POT,0.49
S-1180,3305.51,3736.95,4013.4,0.102199894,0.001411382,0.249488591,0.726682385,0.006755479,24.80134256,20.16883839,22.18307015,1.768805171,0.347256952,5.645702585,0.656150248,0.029976732,3.888337809,2.66,PRI,POT,0.56
S-580,4062.99,3895.88,4446.89,0.56,0.04,1.32,0.11,1.08,28.4,4.73,32.42,15.98,0.47,6.13,1.59,0.02,0.05,2.59,SSF,POT,0.09
S-120,3610.04,3959.34,4254.85,0.04,0,0.84,0.23,0.27,27.75,17.9,26.46,2.34,0.73,6.87,1.89,0.07,3.73,2.68,PRI,POT,0.54
S-1233,2860.03,3385.01,3848.2,0.04,0,0.38,2.11,0.01,30,24.52,18.9,4.39,0.14,3.45,0.82,0.05,6.89,2.66,PRI,POT,0.47
S-263,3337.31,4092.34,4421.65,0.16,0.06,0.51,0.14,0.02,28.51,20.51,21.03,1.49,0.55,3.28,0.96,0.03,0.02,2.55,SSF,POT,0.32
S-421,2788.26,3862.81,4124.29,0.17,0.02,0.87,0.19,0.19,23.66,14.85,27.9,4.16,0.98,6.17,0.91,0.02,0.04,2.55,SSF,POT,0.26
S-552,2333.99,3785.32,3946.43,0.01,0,0.7,0.38,0.42,19.31,24.15,36.7,2.55,0.22,5.3,0.36,0.03,5.65,2.66,PRI,POT,0.3
S-1034,3815.92,3870.75,4413,0.243301136,0.08,2.7,0.041484443,0.21,29.07,3.78,48.73,7.85,0.6,2.82,1.05,0.01,0.07,2.55,SSF,POT,0.32
S-10,1739.39,3881.04,4208.13,0.61,0.03,0.93,0.04,0.61,30.72,6.97,18.68,3.93,0.88,5.61,1.63,0,0.01,2.59,SSF,POT,0.24
S-542,4045.18,3382.15,4574.92,0.9,0.02,0.78,0.04,2.92,29.07,3.54,19.54,18.34,0.3,5.03,4.57,0.02,0.02,2.61,SSF,AR,0.12
S-205,2970.68,3918.04,4254.88,0.14,0.03,0.84,0.48,0.02,28.47,17.37,28.63,1.38,0.2,6.3,0.5,0.01,0.02,2.59,SSF,POT,0.29
S-676,2651.55,3497.89,3909.85,0.02,0,0.77,0.44,0.02,24.51,15.27,19.8,2.59,0.58,8.02,1.44,0.04,5.53,2.68,PRI,POT,0.36
S-83,2413.21,3993.78,4138.15,0.39,0.05,0.37,0.52,0.07,29.18,18.02,26.33,1.9,0.97,5.8,0.92,0,0.02,2.45,SSF,POT,0.25
S-1023,3276.81,3243.71,4103.53,0.005203551,0,1.86,0.003148298,3.21,28.28,1.78,10.82,21.25,0.45,10.11,2.36,0.02,0.33,2.73,SSD,POT,0.18
S-551,2734.47,3681.01,3975.18,0.01,0,0.98,0.18,0.52,25.04,18.05,28.16,4.36,0.89,4.57,0.88,0.1,2.65,2.65,PRI,POT,0.38
S-692,2232.93,3765.13,3943.99,0.01,0,0.66,0.21,0.31,24.38,14.08,32.98,3.07,0.31,5.29,0.55,0.06,2.71,2.66,PRI,POT,0.34
S-250,3479.51,3828.38,4268.29,0.11,0.02,0.86,0.26,0.01,28.81,17.7,29.93,2.57,0.39,4.51,0.79,0.03,1.28,2.54,SSF,POT,0.31
S-603,3307.15,3661.16,4107.37,0.05,0,0.79,0.88,0.01,30.5,17.67,26.1,3.52,0.76,4.61,0.6,0.07,3.38,2.66,PRI,POT,0.36
S-220,3571.05,3616.48,4314.53,0.34,0.09,1.2,0.14,0.89,33.8,9.93,21.9,16.44,1.32,3.15,2.53,0.02,0.12,2.55,SSF,POT,0.21
S-1188,3674.01,3459.77,4206.68,0.001234408,0,1.23,0.002869526,1.35,36.04,7.33,18.67,16.7,0.47,2.04,1.9,0.01,0.23,2.62,SSD,POT,0.31
S-1166,3464.11,3189.57,4210.87,0.002023639,0,0.8,0.005151121,3.98,20.45,2.78,5.65,12.12,0.71,11.41,3.82,0.02,0.2,2.75,SSD,CLO-SER,0.24
S-537,2735.88,3820.58,4039.85,0.2,0.08,0.66,0.17,0.25,24.78,16.05,38.48,2.93,0.5,5.35,0.75,0.04,0.01,2.53,SSF,POT,0.35
S-238,3083.07,3967.27,4272.74,0.27,0.02,0.61,0.52,0.01,29.83,9.58,42.45,0.47,0.7,6.74,0.48,0.01,0.04,2.56,SSF,POT,0.22
S-1159,3439.55,3210.29,4273.05,0.001263699,0,1.12,0.004445617,5.2,20.74,4.74,9.64,27.07,0.71,6.72,6.02,0.03,0.11,2.72,SSD,CLO-SER,0.69
S-476,3273.97,3275.13,4172.38,0,0,2.86,0.01,0.85,14.15,2.46,8.24,9.94,0.64,9.9,3.75,0.02,0.07,2.76,SSF,CLO-SER,0.12
S-1091,2429.85,3969.78,3916.1,0.005260902,0,0.7,0.356934342,0.27,21.6,17.22,23.67,2.14,0.62,5.27,0.86,0.06,3.29,2.66,PRI,POT,0.49
S-184,2955.83,3401.7,3844.15,0.02,0,0.69,0.46,0.02,22.68,16.46,13.88,2.12,0.23,10.83,1.33,0.1,4.99,2.66,PRI,POT,0.44
S-1245,2732.61,3443.35,3776.78,0.03,0.01,0.4,0.86,0.04,24.92,20.13,18.15,1.59,0.55,4.72,0.14,0.01,2.15,2.65,PRI,POT,0.4
S-1069,3933.66,3927.29,4428,0.107142004,0.02,0.57,0.043302566,1.22,34.57,5.46,20.18,12.99,0.85,3.76,1.39,0,0.07,2.61,SSF,POT,0.34
S-502,2030.38,3521.6,3888.45,0,0,1.32,0.08,0.73,26.21,17.01,29.07,7.34,0.45,6.47,0.99,0.03,4.75,2.69,PRI,POT,0.36
S-550,3644.16,3395.84,4446.74,0.09,0.03,0.76,0.06,5.1,47.38,14.79,9.51,21.12,0.18,0.33,0.07,0.01,0.05,2.63,SSF,POT,0.11
S-665,3109.15,3153.65,4011.48,0.02,0,1.52,0.01,1.13,26.32,9.46,15.9,12.32,0.42,8.46,2.15,0.04,2.28,2.75,PRI,CLO-SER,0.21
S-411,2613.67,3983.92,4154.33,0.21,0.03,1.27,0.07,0.25,25.54,14.05,26.14,4.25,1.14,4.76,1.1,0.01,0.03,2.67,SSF,POT,0.24
S-452,3029.72,3832.87,4162.53,0.11,0.02,1,0.24,0.37,27.3,19.3,27.42,2.91,0.77,5.46,0.49,0.03,0.37,2.6,SSF,POT,0.37
S-8,2097.31,3972.44,4112.68,1.02,0.06,0.61,0.04,2.72,41.32,8.12,27.21,8.79,1.42,2.91,2.1,0,0.02,2.57,SSF,POT,0.18
S-160,3007.49,4024.12,4298.49,0.07,0.01,0.39,0.27,0.02,20.83,14.03,31.25,0.88,0.14,10.09,0.57,0.03,0.1,2.64,SSF,POT,0.28
S-1098,1835.79,4294.04,4236.85,0.128660524,0.01,0.59,0.017018743,0.58,35.43,6.22,40.33,10.32,1.02,2.64,1.03,0.01,0.07,2.55,SSF,POT,0.23
S-1232,2651.51,3475.63,3844.16,0.037293983,0.000705989,0.445322757,0.390113364,0.016435835,30.99147294,17.12452482,18.37247283,1.707261687,0.095841098,5.980520448,0.641055039,0.07975755,3.270265702,2.65,PRI,POT,0.41
S-345,2825.19,3933.56,4212.25,0.22,0.02,1.04,0.16,0.52,26.3,14.22,24.15,3.57,0.4,5.63,0.89,0,0.01,2.59,SSF,POT,0.34
S-555,2651.63,3504.09,3927.9,0.01,0,0.69,0.68,0.29,24.99,16.2,19.41,1.35,0.05,7.76,0.76,0.04,2.67,2.65,PRI,POT,0.35
S-1139,3475.79,4169.44,4283.96,0.006972682,0,1.06,0.150195603,0.21,23.87,13.32,17.83,4.24,0.62,5.29,1.34,0.05,4.97,2.69,PRI,POT,0.48
S-1072,3933.67,3938.87,4385.55,0.211932686,0.03,0.55,0.045317895,2,32.99,1.86,31.78,20.31,0.61,1.37,3.42,0,0.03,2.57,SSF,POT,0.2
S-631,3316.17,3833.06,4059.67,0.04,0.01,1.18,0.22,0.14,30.91,20.46,19.39,2.41,0.2,4.24,1.04,0.14,2.18,2.65,PRI,POT,0.41
S-413,2615.09,3965.95,4132.9,0.01,0,1.27,0.13,0.76,25.29,14.04,28.47,4.17,0.59,4.89,1.35,0.06,3.92,2.66,PRI,POT,0.29
S-647,2639.2,3525.99,3962.84,0.01,0,1.1,0.36,0.09,25.23,16.66,21.28,2.79,0.17,8.31,0.67,0.08,3.3,2.67,PRI,POT,0.38
S-1244,2777.23,3525.65,3831.59,0.03,0,1,0.89,0.01,19,20.1,17.9,2.28,0.09,6.25,0.66,0.07,3.51,2.66,PRI,POT,0.37
S-632,3281.16,3819.87,4091.99,0.06,0.01,1.7,0.84,0.09,24.89,15.51,24.24,1.29,0.31,4.56,0.8,0.13,1.07,2.68,PRI,POT,0.46
S-506,3259.97,3294.66,4118.5,0,0,1.81,0,1.54,35.99,6.83,15.7,21.21,0.76,3.1,0.94,0.01,0.15,2.6,SSD,CLO-SER,0.2
S-1259,2652.39,3453.17,3776.23,0.00651404,0.00378464,0.729443943,0.531723691,0.044026051,25.49037751,20.4738775,18.48585723,2.891768986,0.448799326,5.193277932,0.519475161,0.064243957,2.884616545,2.67,PRI,POT,0.35
S-653,4125.91,3954.69,4516.24,0.59,0.04,1.07,0.16,1.46,33.01,2.37,35.62,11.35,0.63,8.12,2.41,0.01,0.03,2.55,SSF,POT,0.11
S-999,2777.04,3552.87,3763.71,0.029309496,0.01,0.25,0.794701713,0.01,22.97,16.42,9.84,1.78,0.73,9.49,0.35,0.05,2.83,2.63,PRI,POT,0.41
S-1163,3452.1,3199.55,4241.07,0.00094487,0,0.55,0.001668334,4.76,23.61,2.3,14.5,8.65,1.84,10.75,3.89,0.01,0.13,2.69,SSD,CLO-SER,0.14
S-170,3159.51,4029.72,4417.46,0.03,0.02,0.05,0.01,0.05,27.75,19.39,28.33,1.06,0.46,5.61,1.25,0.03,0.15,2.55,SSF,POT,0.35
S-239,1966.63,3818.08,3991.37,0.5,0.05,0.79,0.27,0.91,31.17,8.37,24.25,7.1,0.61,4.43,2.4,0,0.02,2.52,SSF,POT,0.2
S-434,2404.16,3688.95,4024.96,0.25,0.03,0.88,0.48,0.1,20.86,23.74,37.39,4.44,0.66,5.43,0.52,0.01,0.08,2.55,SSF,POT,0.25
S-1242,2777.26,3514.75,3859.35,0.01,0,0.78,0.44,0.02,22.88,18.67,16.87,2.93,0.28,6.65,0.93,0.04,5.11,2.68,PRI,POT,0.45
S-221,3564.31,4051.31,4376.7,0.3,0.08,0.51,0.08,0.89,33.44,6.91,25,18.13,1.71,2.7,2.35,0.01,0.05,2.67,SSF,POT,0.29
S-81,2113.67,4051.91,4136.91,0.9,0.07,0.66,0.05,3.04,25.32,12.39,23.07,6.4,1.8,7.07,2.4,0.01,0.03,2.56,SSF,POT,0.19
S-152,3212.81,3989.88,4394.84,0.49,0.03,0.48,0.18,0.05,26.49,16.36,26.61,1.16,0.42,9.2,1.1,0.01,0.02,2.61,SSF,POT,0.29
S-316,3308.98,3590.77,4191.88,0.07,0.01,1.76,0.2,0,33.67,16.5,23.18,7.37,0.93,3.64,0.91,0.01,0.02,2.56,SSF,POT,0.32
S-539,4035.2,3423.68,4525.78,0.37,0.01,0.57,0.11,4.69,33.79,3.15,21.31,20.91,1.28,2.27,3.54,0.01,0.03,2.64,SSF,AR,0.1
S-1292,3424.46,3585.11,4196.57,0,0,1.75,0.13,0.11,31.33,12.44,22.11,10.12,0.78,2.19,1.58,0.07,4.29,2.63,SSD,POT,0.42
S-565,2747.29,3693.03,3986.41,0.01,0,0.97,0.11,0.69,16.11,19.62,36.15,2.99,0.22,6.08,0.72,0.08,3.12,2.66,PRI,POT,0.32
S-462,3295.96,3398.48,4138.38,0,0,1.37,0,0.68,23.96,8.17,20.95,8.57,0.47,5.97,2.06,0.09,3.89,2.73,PRI,POT,0.3
S-44,2086.64,4067.05,4263.07,1.04,0.12,0.51,0.11,1.97,29.54,13.99,29.79,6.92,2.3,6.79,2.35,0,0.03,2.52,SSF,POT,0.18
S-490,3237.73,3747.54,4127.42,0.07,0.01,1.24,1.29,0.01,31.88,22.08,23.22,2.8,0.73,4.32,0.61,0.05,2.41,2.67,PRI,POT,0.43
S-136,2966.86,3945.7,4291.44,0.04,0,1.22,0.78,0.07,28.89,17.42,25.17,1.64,0.27,7.1,1.23,0.02,0.02,2.58,SSF,POT,0.55
S-610,3128.87,3549.62,4008.49,0.03,0.01,0.75,0.71,0.02,19.44,9.74,12.18,3.53,0.28,13.74,1.51,0.02,3.51,2.74,PRI,POT,0.22
S-326,3299.33,3467.13,4183.71,0.12,0.02,1.56,0.03,0.23,26.01,9.72,21.19,9.13,0.31,4.76,1.52,0,0.03,2.57,SSF,POT,0.19
S-566,2747.27,3686.11,3932.04,0.01,0,1.15,0.34,0.08,24.34,17.92,36.39,2.27,0.21,4.35,0.62,0.05,5.68,2.63,PRI,POT,0.4
S-1174,3491.46,3167.05,4140.81,0,0,0.95,0.012004241,4.25,27.8,1.97,2.92,9.1,0.91,10.18,3.85,0.03,0.29,2.55,PRI,CLO-SER,0.28
S-746,3110.18,4020.19,4209.18,0.03,0,0.59,1.07,0.01,35.63,22.28,17.39,1.75,0.5,6.74,0.71,0.2,2.04,,PRI,POT,0.54
S-1083,2430.59,4009.33,4130.99,0.722652876,0.01,0.69,0.358897726,0.51,15.87,16.74,34.79,5.97,0.3,9.42,0.85,0,0.04,2.57,SSF,POT,0.21
S-1047,3815.38,3821.1,4285.31,0.375675267,0.08,1.45,0.105166231,0.37,32.47,5.04,29.28,11.64,0.81,7.92,2.13,0.01,0.05,2.55,SSF,POT,0.27
S-1,1585.64,3882.77,4156.76,0.78,0.07,0.45,0.03,2.19,30.56,9.8,21.92,7.14,1.15,4.35,1.42,0,0.02,2.58,SSF,POT,0.21
S-522,2526.29,3512.34,3926.93,0.01,0,0.84,0.31,0.07,26.55,18.06,24.64,2.47,0.47,7.28,0.48,0.05,5.12,2.67,PRI,POT,0.37
S-405,2874.03,3634.64,4027.61,0.02,0.01,1.89,0.78,0.02,21.29,19.53,31.54,6.29,0.9,4.3,1.68,0.04,5.35,2.7,PRI,POT,0.29
S-331,2663.32,4040.83,4205.79,0.24,0.02,0.62,0.06,0.92,26.15,10.39,20.36,6.1,0.69,6.81,1.08,0.01,0.04,2.59,SSF,POT,0.29
S-998,2777.14,3541.24,3792.44,0.032953841,0.02,0.37,0.549213182,0.01,27.62,19.22,10.31,1.27,0.58,6.73,0.75,0.17,3.13,2.66,PRI,POT,0.47
S-607,3029.85,3788.84,3987.49,0.01,0,0.96,0.17,0.23,34.23,12.77,20.12,1.68,0.56,5.92,1.77,0.06,2.87,2.68,PRI,POT,0.4
S-1213,4144.87,4010.81,4473.73,0.66,0.06,0.77,0.2,1.89,22.49,2.89,37.47,18.94,0.57,2.82,2.78,0.02,0.03,2.58,SSF,POT,0.06
S-591,4177.91,3993.22,4514.34,0.86,0.04,1.05,0.04,1.49,28.35,4.37,37.43,17.74,0.66,3.65,1.04,0.02,0.04,2.6,SSF,POT,0.18
S-1243,2777.26,3514.75,3859.35,0.007000298,0.000191822,0.778008823,0.444435416,0.021274059,22.87855991,18.6719077,16.86600491,2.927000857,0.276531361,6.646220162,0.925629117,0.041549641,5.106362766,2.66,PRI,POT,0.45
S-1246,3587.82,3681.69,4288.77,0.23,0.02,1.44,0.27,0.16,28.96,15.55,23.78,5.95,1.11,4.67,0.52,0,0.01,2.54,SSF,POT,0.23
S-179,3551.89,3579.92,4277.93,0.33,0.06,1.03,0.31,0.76,39.33,16.05,23.99,6.57,0.46,2.47,2.65,0.03,0.1,2.56,SSF,POT,0.2
S-128,3422.31,3340.54,4097.37,0.01,0,1.11,0.19,0.71,38.1,8.58,16.67,7.75,0.28,5.59,1.19,0.07,3.26,2.73,PRI,CLO-SER,0.39
S-726,2909.99,3298.24,3843.46,0.02,0.03,0.89,0.7,0.02,28.31,14.02,13.96,6.94,1.22,6.7,1.28,0.05,3.65,,PRI,POT,0.39
S-996,2307.87,3870.68,3895.83,0.024553543,0,0.9,0.48787119,0.37,26.15,20.62,16.11,7.78,0.63,7.39,0.94,0.12,5.68,2.68,PRI,POT,0.41
S-612,3183.91,3654.99,4002.4,0.03,0.01,0.62,1,0.1,27.54,15.41,22.93,2.08,0.32,6.27,0.82,0.03,2.45,2.65,PRI,POT,0.35
S-1209,3640.06,3500.04,4418.5,0.45,0.02,1.69,0.17,1.69,38.06,3.05,18.52,24.21,0.66,3.54,1.24,0.02,0.04,2.56,SSF,POT,0.15
S-92,1887,3800.5,4042.06,0.43,0.03,0.28,0.12,2.54,37.83,2.97,18.23,13.35,0.49,6.26,2.01,0.02,0.07,2.6,SSF,POT,0.17
S-1249,3680.67,3634.35,4294.4,0.18,0.02,1.21,0.11,1.14,26.09,8.86,23.59,12.21,0.36,5.36,1.85,0,0.02,2.57,SSF,POT,0.22
S-188,2484.38,3300.59,3884.56,0.01,0.01,1.16,0.4,0.1,24.47,21.16,24.51,7.08,0.21,5.17,0.91,0.09,4.7,2.66,PRI,POT,0.38
S-383,3289.38,3612.87,4220.19,0.2,0.04,1.65,0.28,0,32.31,15.74,20.1,5.84,0.61,6.06,1.48,0.01,0.07,2.57,SSF,POT,0.31
S-288,4082.77,3555.33,4705.64,0.02,0.01,0.36,0,3.88,28.53,2.23,26.54,19.81,0.48,3.05,3.78,0.04,0.09,2.6,SSF,AR,0.13
S-1200,4143.65,4009.31,4254.19,0.005256862,0,1.38,0.001358848,1.52,37.54,3.9,20.77,17.38,0.71,2.99,1.25,0.12,4.14,2.73,PRI,AR,0.41
S-71,1912.41,4000.4,4173.92,0.5,0.08,0.51,0.09,1.23,35.21,5.65,20.99,6.58,2.16,4.73,2.17,0.01,0.17,2.5,SSF,POT,0.16
S-305,3295.95,3403.11,4122.54,0,0,1.35,0,0.32,26.48,6.03,19.01,12.26,0.39,5.98,1.64,0.07,3.54,2.71,PRI,POT,0.34
S-134,3404.77,4013.9,4277.44,0.02,0,0.63,0.39,0.07,22.62,15.92,34.71,0.93,0.49,7.66,0.62,0.12,4.33,2.68,PRI,POT,0.51
S-314,3296,3380.33,4199.23,0.02,0.01,1.81,0.02,1.81,32.93,3.98,15.48,17.98,0.42,3.02,1.57,0,0.02,2.59,SSF,POT,0.28
S-545,4087.46,3742.53,4528.7,0.24,0.1,0.76,0.1,2.51,24.44,2.65,20.2,16.7,1.62,4.59,7.94,0.01,0.03,2.6,SSF,AR,0.1
S-342,3057.16,3894.34,4209.21,0.08,0.02,1.66,0.52,0,28.88,16.87,26.39,1.68,0.5,4.83,0.4,0,0.01,2.58,SSF,POT,0.36
S-148,2785.92,3130.57,3674.34,0.05,0,0.99,0.77,0.07,27.15,15.75,13.23,2.84,0.15,8.49,1.51,0.06,4.7,2.67,PRI,POT,0.35
S-514,2333.77,3807.64,3991.18,0.15,0,0.6,0.25,0.56,25.65,20.59,28.9,5.69,0.72,5.46,0.83,0.01,0.01,2.57,SSF,POT,0.22
S-652,4035.13,3888.6,4452.37,0.51,0.02,1.76,0.16,1.2,29.48,2.64,32.44,12.86,0.61,12.06,3.94,0.01,0.03,2.54,SSF,POT,0.1
S-719,1824.18,3794.3,3964.94,0.13,0.01,1.22,0.05,0.93,30.41,4.08,15.04,15.36,0.58,6.51,1.62,0.01,0.01,2.61,SSF,POT,0.18
S-138,2913.68,4016.82,4345.95,0.02,0,1.21,0.41,0.46,27.83,18.81,22.88,2.25,0.51,5.86,1.7,0.03,2.36,2.66,PRI,POT,0.39
S-1225,3983.72,3927.86,4472.93,0.28,0.01,1.13,0.11,1.42,33.21,5.31,27.72,18.78,0.46,1.75,2.01,0.01,0.02,2.54,SSF,POT,0.18
S-751,1558.61,3614.46,3982.61,0.1,0.01,0.24,0.05,3.03,30.43,3.68,7.29,14.33,0.9,7.17,3.42,0.01,0.03,,SSF,POT,0.16
S-171,3568.23,3398.01,4305.93,0.05,0.02,0.64,0.06,2.23,61.53,9.91,15.04,7.88,1.03,0.2,0.22,0.01,0.22,2.67,SSF,POT,0.23
S-29,2238.97,4079.93,4142.77,0.39,0.05,0.31,0.02,1.27,27.34,10.61,16.49,3.8,1.06,6.34,1.96,0,0.02,2.62,SSF,POT,0.21
S-626,1907.47,3889.7,4108.52,0.8,0.02,0.83,0.08,1.14,28.39,5.62,16.86,15.07,0.73,7.19,1.69,0,0.01,2.57,SSF,POT,0.16
S-201,3087.25,3859.77,4252.31,0.39,0.05,0.84,0.47,0.02,37.6,12.09,36.65,0.88,0.71,3.16,0.24,0.01,0.26,2.53,SSF,POT,0.29
S-474,2747.03,3700.17,4046.68,0.15,0.05,1.82,0.49,0.27,33.35,10.57,39.17,6.38,1.22,4.48,0.28,0,0.01,2.56,SSF,POT,0.33
S-716,1835.24,3654.27,3889.38,0.15,0.01,1.19,0.25,0.68,26.5,9.31,19.6,11.56,1.09,5.38,1.32,0,0.01,2.55,SSF,POT,0.18
S-608,2830.5,3685.18,4085.36,0.25,0.01,1.36,0.72,0.17,26.75,14,35.09,6.05,0.89,6.86,1.19,0,0.01,2.56,SSF,POT,0.24
S-176,3472.25,3410.04,4236.91,0.02,0.01,1.23,0.18,0.61,36.5,6.61,21.73,10.22,0.24,4.44,2.41,0.01,0.08,2.59,SSF,POT,0.2
S-559,3750.29,3709.5,4446.46,0.37,0.01,1.24,0.07,1.24,30.54,6.22,25.88,12.34,0.11,7.23,2.38,0,0.02,2.55,SSF,POT,0.09
S-143,3220.66,3932.34,4308.58,0.27,0.03,0.52,0.2,0.01,25.08,13.34,30.19,1,0.72,9.15,0.96,0,0.11,2.56,SSF,POT,0.21
S-180,2921.24,3296.69,3562.71,0.01,0,0.34,0.24,0.03,23.27,15.08,9.36,1.05,0.1,11.29,1.18,0.06,3.73,2.64,PRI,POT,0.25
S-7,2090.74,4025.9,4198.12,0.97,0.09,0.49,0.04,0.82,29.5,11.08,23.36,5.93,1.58,4.41,2.13,0,0.01,2.57,SSF,POT,0.21
S-1029,3276.81,3252.97,4037.68,0.000896384,0,2.32,0.003350722,0.85,24.7,5.64,8.62,12.04,0.85,9.17,2.64,0.05,2.66,2.77,PRI,POT,0.32
S-553,2131.84,3902.16,3969.53,0.19,0.03,1.79,0.06,0.66,28.94,8.38,30.34,16.19,0.88,5.1,1.28,0.03,0.05,2.54,SSF,POT,0.21
S-730,1833.36,3924.18,4006.74,0.19,0.01,0.33,0.19,0.04,18.91,17.45,26.94,3.15,1.39,10.63,0.96,0.01,0.03,,SSF,POT,0.14
S-75,1609.17,3914.2,4102.82,0.37,0.01,0.61,0.05,1.01,38.59,6.67,19.18,3.78,1.49,4.75,1.46,0.01,0.02,2.53,SSF,POT,0.24
S-974,2899.83,3390.01,3792.85,0.020052193,0.01,0.43,1.033288314,0.01,25.49,23.78,10.36,5.11,0.39,6.95,1.1,0.02,4.02,2.68,PRI,POT,0.46
S-504,2112.51,3635.32,3879.97,0.02,0.01,1.11,0.35,0.16,22.88,18.58,37.83,2.98,0.48,5.48,0.45,0.02,6.51,2.67,PRI,POT,0.4
S-249,2214.8,3722.53,3985.63,0.23,0.03,1,0.7,0.01,28.09,8.96,50.44,1.22,0.2,6.25,0.76,0.02,0.04,2.58,SSF,POT,0.26
S-149,2784.98,3077.35,3587.34,0.01,0,1.53,0.29,0.01,29.84,15.5,10.68,2.41,0.07,8.55,2.02,0.02,4.25,2.7,PRI,POT,0.37
S-1250,2886.88,3315.34,3811.85,0.03,0,0.91,0.61,0.12,23.06,20.84,17.76,4.36,0.59,5.77,1.12,0.03,4.82,2.67,PRI,POT,0.45
S-245,3323.57,3849.04,4239.38,0.1,0.01,1.06,0.06,0.03,29.49,19.94,29.18,1.44,0.41,3.66,1.41,0.01,0.03,2.53,SSF,POT,0.33
S-230,2684.02,3356.58,3804.6,0.02,0,0.8,0.56,0.01,25.53,23.73,18.5,3.16,0.16,4.63,0.89,0.06,4.76,2.67,PRI,POT,0.43
S-223,3190.63,3947.16,4262.34,0.17,0.02,0.39,0.54,0.01,28.75,24.43,27.9,1.36,0.25,5.52,0.47,0.01,0.04,2.56,SSF,POT,0.3
S-741,3054.3,3877.28,4070.76,0.02,0.03,0.7,0.69,0.05,28.87,22.87,20.02,3.08,1.33,5.63,0.53,0.08,2.71,,PRI,POT,0.45
S-135,3413.06,3951.56,4161.39,0.02,0,0.87,0.4,0.04,25.54,19.33,27.84,1.02,0.15,6.49,0.93,0.15,2.76,2.67,PRI,POT,0.24
S-1291,3463.42,3679.72,4182.34,0.01,0,1.5,0.18,0.07,26.05,18.79,22.1,3.31,0.65,5.4,1.22,0.11,4.39,2.68,PRI,POT,0.45
S-963,1667.64,3877.33,4011.16,0.099271993,0.02,1.21,0.034148922,0.72,29.53,4.8,16.19,15.14,0.88,6.13,1.36,0.01,0.05,2.62,SSF,POT,0.23
S-1268,3933.81,3969.08,4271.74,0.33,0.03,0.77,0.09,1.29,36.08,6.04,20.6,19.65,0.6,1.9,2.16,0,0.06,2.57,SSF,POT,0.23
S-445,1637.51,3880.82,4054.17,0.48,0.04,0.77,0.04,0.62,28.66,6.75,11.67,8.1,0.5,7.12,2.08,0.01,0.04,2.65,SSF,POT,0.18
S-192,3589.81,3634.57,4385.34,0.86,0.22,0.8,0.23,0.14,34.81,8.9,25.45,15.8,0.82,4.04,2.04,0.01,0.03,2.54,SSF,POT,0.29
S-42,1846.89,3882.64,4130.63,0.53,0.03,0.21,0.03,1.25,30.07,5.98,21.05,6.9,1,6.55,1.85,0.01,0.05,2.63,SSF,POT,0.24
S-978,2652.1,3458.86,3793.57,0.011059431,0.01,0.48,0.53853722,0.01,25.8,14.96,16.41,2.26,0.5,8.31,1.26,0.07,2.64,2.66,PRI,POT,0.39
S-110,3562.53,3416.38,4359,0.16,0.03,0.68,0.15,1.76,72.81,4.13,5.23,13.71,0.39,0.12,0.05,0.01,0.05,2.62,SSF,POT,0.21
S-660,3164.61,3385.01,3940.43,0.01,0.01,1.77,0.28,0.12,25.75,11.46,21.09,8.47,0.8,4.26,1.95,0.08,3.32,2.69,PRI,POT,0.28
S-58,3488.67,3428.52,4351.8,0.13,0.04,1.97,0.13,3.9,62.31,7.99,10.8,9.72,1.05,0.16,0.69,0,0.02,2.63,SSF,POT,0.28
S-1057,1875.26,3713.01,3872.64,0.001534892,0,1.94,0.00417762,1.17,33.12,3.87,15.1,17.76,0.64,4.72,1.3,0.19,4.48,2.75,PRI,POT,0.37
S-1000,2776.91,3564.73,3735.06,0.005742134,0,0.88,0.307270007,0.01,24.64,20.03,26.2,1.73,0.38,4.34,0.7,0.06,3.4,2.61,PRI,POT,0.44
S-628,2209.01,3802.93,4022.27,0.21,0.01,0.62,0.16,0.21,24.57,27.61,31.18,6.64,0.6,6.21,0.82,0.02,0.01,2.52,SSF,POT,0.15
S-1164,3455.64,3196.6,4232.19,0.001196993,0,0.93,0.000852388,3.34,24.23,3.26,15.67,9.15,1.88,9.1,3.68,0.02,0.07,2.69,SSD,CLO-SER,0.15
S-458,3029.53,3804.9,4052.02,0.03,0,0.43,0.46,0.63,26.82,16.41,20.64,2.23,0.42,4.48,0.78,0.06,3.29,2.69,PRI,POT,0.4
S-25,2334.54,4064.53,4237.5,0.65,0.08,0.18,0.02,3.06,21.2,8.24,15.52,3.3,1.26,9.71,2.71,0,0.02,2.69,SSF,POT,0.26
S-508,3219.27,3350,3961.09,0.02,0.01,1.73,0.29,0.02,24.29,14.47,17.5,7.26,0.46,5.39,0.97,0.05,4.66,2.69,PRI,POT,0.36
S-536,2883.73,3750.78,4011.89,0.04,0,0.9,0.4,0.34,39.74,14.78,21.23,3.64,0.67,3.57,0.9,0.08,2.49,2.7,PRI,POT,0.43
S-590,4083.67,3968.25,4505.05,0.74,0.03,1.27,0.04,1.39,28.11,6.83,36.9,13.48,0.21,4.75,1.69,0.01,0.03,2.56,SSF,POT,0.15
S-1003,3021.63,3463.78,3760.84,0.002609524,0,0.67,0.081854662,0.01,41.19,39.36,11.85,2.15,0.3,1.04,0.27,0.01,0.27,2.55,PRI,POT,0.41
S-985,2738.2,3401.26,3681.22,0.014891793,0.01,0.57,0.880403202,0.01,24.25,25.93,16.12,2.65,0.28,9.14,0.67,0.04,6.54,2.66,PRI,POT,0.46
S-1236,2708.77,3409.14,3848.67,0.04,0,0.8,0.66,0.01,26.38,16.24,17.56,3.47,0.16,4.83,0.64,0.05,2.71,2.64,PRI,POT,0.41
S-354,2451.75,4039.57,4153.36,0.4,0.02,0.33,0.06,0.18,19.4,19.81,37.69,3.6,0.4,10.1,0.8,0,0.02,2.55,SSF,POT,0.26
S-52,2776.39,3963.51,4226.88,0.14,0.02,1.65,0.43,0.55,24.89,19.37,31.05,2.84,1.36,4.64,1.95,0.14,2.18,2.67,PRI,POT,0.42
S-406,3009.02,3106.58,4005.98,0,0,3.15,0.01,0.52,36.55,6.02,14.28,21.06,0.51,4.29,1.09,0.08,0.84,2.66,PRI,CLO-SER,0.21
S-581,4082.7,3775.48,4476.41,0.03,0,0.92,0.62,0.91,23.38,14.33,35.49,2.03,0.2,7.8,0.62,0.03,3.47,2.58,SSF,POT,0.13
S-1228,2633.31,3395.1,3845.6,0.02,0,0.89,0.39,0.24,26.91,16.99,17.93,2.79,0.13,5.71,0.89,0.05,2.46,2.66,PRI,POT,0.36
S-1167,3468.47,3185.95,4199.72,0.007467727,0,0.86,0.011028883,4.05,22.62,5.17,7.84,8.38,1.02,5.9,2.99,0.02,0.09,2.72,SSD,CLO-SER,0.27
S-1234,2633.49,3420.39,3867.05,0.01,0,0.7,0.69,0.01,33.19,17.21,17.96,2.65,0.33,4.46,0.57,0.14,2.83,2.64,PRI,POT,0.42
S-277,3634.6,3743.13,4375.69,0.2,0.1,1.59,0.13,0.43,33.19,11.9,29.52,13.41,0.83,2.59,1.54,0.01,0.03,2.55,SSF,POT,0.25
S-1095,1835.89,4306.19,4289.98,0.704190257,0.08,1.02,0.371033566,0.03,40.23,18.57,19.31,4.4,2.94,3.63,0.44,0.01,0.05,2.56,SSF,POT,0.25
S-1002,3021.42,3450.11,3793.06,0.022848088,0.01,1.32,0.300278372,0.04,18.42,24.62,13.6,5.88,0.86,4.74,1.63,0.05,2.21,2.67,PRI,POT,0.39
S-1148,2588.28,3683.19,3794.94,0.010726484,0,0.46,0.645286385,0.01,27.76,19.42,15.36,2.62,0.36,7.38,0.78,0.08,4.12,2.67,PRI,POT,0.49
S-467,3276.81,3236.86,4152.3,0.12,0.01,0.99,0.02,6.36,28.95,6.21,11.33,20.29,2.86,5.38,1.22,0,0.06,2.74,SSD,POT,0.13
S-418,3062.92,3832.44,4142.76,0.03,0,0.56,0.65,0.15,23.57,17.71,27.3,1.95,0.56,5.01,0.84,0.08,2.12,2.68,SSD,POT,0.42
S-575,4013.21,3757.43,4454.69,0.54,0.07,0.67,0.07,2.46,32.48,4.77,30.1,18.58,0.59,0.86,4.35,0.02,0.04,2.55,SSF,POT,0.13
S-183,2784.08,3242.91,3846.98,0.04,0.01,0.96,1.32,0.01,27.49,31.27,17.22,1.98,0.14,5.53,1.02,0.1,6.69,2.64,PRI,POT,0.47
S-19,2236.16,4045.89,4192.32,0.69,0.05,0.39,0.03,0.63,28.7,10.36,18.54,5,1.17,7.36,1.96,0.01,0.13,2.59,SSF,POT,0.32
S-1007,3295.77,3420.5,4062.25,0.000826925,0,2.03,0.048298639,0.05,28.73,11.39,12.89,15.58,0.42,4.28,1.61,0.09,4.47,2.7,PRI,POT,0.42
S-556,2777.28,3493.45,3914.14,0.01,0,0.77,0.65,0.04,22.44,15.6,22.56,2.75,0.17,7.25,0.88,0.03,3.96,2.67,PRI,POT,0.32
S-682,2588.17,3694.6,3917.38,0,0,1.04,0.03,1.58,31.01,9.5,36.27,8.55,0.71,4.63,0.74,0.18,0.35,2.69,PRI,POT,0.27
S-524,2360.66,3823.49,4007.87,0.37,0.07,1,1.06,0.11,20.95,16.18,45.68,4.73,0.7,5.66,0.8,0.16,0.02,2.53,SSF,POT,0.27
S-388,3333.15,3545.25,4191.85,0.06,0.01,1.67,0.08,0.32,29.99,15.57,24.7,8.94,0.69,2.77,1.58,0.02,0.09,2.55,SSF,POT,0.33
S-85,1771.57,3873.83,4127.29,0.84,0.04,0.28,0.14,1.51,31.16,6.44,21.97,6.59,1.19,6.79,1.97,0.01,0.02,2.57,SSF,POT,0.21
S-63,3708.34,3915.38,4396.05,0.29,0.05,1.19,0.13,1.05,31.97,9.87,33.96,5.97,0.88,4.08,2.15,0.01,0.29,2.57,SSF,POT,0.19
S-983,2738.41,3376.14,3754.54,0.007990386,0,0.55,0.235191724,0.01,30.08,22.52,12.1,1.89,0.22,8.28,0.7,0.07,3.11,2.65,PRI,POT,0.44
S-286,4027.81,3362.67,4658.81,0.13,0.13,1.04,0,5,38.23,1.52,14.13,24.02,0.64,1.46,5.54,0.01,0.07,2.61,SSD,AR,0.15
S-299,2620.22,3287.32,3813.93,0.03,0,1.01,0.7,0.01,25.64,18.53,17.94,3.09,0.32,6.66,0.75,0.13,3.21,2.66,PRI,POT,0.39
S-379,2684.33,3974.5,4203.11,0.25,0.02,1,0.05,1.07,28.41,17.56,20.06,6.14,1.22,3.67,1.09,0.02,0.11,2.59,SSF,POT,0.38
